RDF Type,uri,Label,alt label #1,alt label #2,alt label #3,alt label #4,alt label #5,alt label #6,alt label #7,alt label #8,alt label #9,,
http://sparql.cwrc.ca/ontologies/cwrc#Language,http://id.loc.gov/vocabulary/languages/eng,english,,,,,,,,,,,
http://sparql.cwrc.ca/ontologies/cwrc#Language,http://id.loc.gov/vocabulary/languages/fre,french,,,,,,,,,,,
http://sparql.cwrc.ca/ontologies/cwrc#Language,http://id.loc.gov/vocabulary/languages/ger,german,,,,,,,,,,,
http://sparql.cwrc.ca/ontologies/cwrc#Language,http://id.loc.gov/vocabulary/languages/ben,bengali,,,,,,,,,,,
http://sparql.cwrc.ca/ontologies/cwrc#Language,http://id.loc.gov/vocabulary/languages/wel,welsh,,,,,,,,,,,
http://sparql.cwrc.ca/ontologies/cwrc#Language,http://id.loc.gov/vocabulary/languages/san,sanskrit,,,,,,,,,,,
http://sparql.cwrc.ca/ontologies/cwrc#Language,http://id.loc.gov/vocabulary/languages/hin,hindi,,,,,,,,,,,
http://sparql.cwrc.ca/ontologies/cwrc#Language,http://id.loc.gov/vocabulary/languages/gle,irish,,,,,,,,,,,
http://sparql.cwrc.ca/ontologies/cwrc#Language,http://id.loc.gov/vocabulary/languages/ara,arabic,,,,,,,,,,,
http://sparql.cwrc.ca/ontologies/cwrc#Language,http://id.loc.gov/vocabulary/languages/ita,italian,,,,,,,,,,,
http://sparql.cwrc.ca/ontologies/cwrc#Language,http://id.loc.gov/vocabulary/languages/kan,kanarese,,,,,,,,,,,
http://sparql.cwrc.ca/ontologies/cwrc#Language,http://id.loc.gov/vocabulary/languages/heb,hebrew,,,,,,,,,,,
http://sparql.cwrc.ca/ontologies/cwrc#Language,http://id.loc.gov/vocabulary/languages/per,persian,,,,,,,,,,,
http://sparql.cwrc.ca/ontologies/cwrc#Language,http://id.loc.gov/vocabulary/languages/bul,bulgarian,,,,,,,,,,,
http://sparql.cwrc.ca/ontologies/cwrc#Language,http://id.loc.gov/vocabulary/languages/lat,latin,,,,,,,,,,,
http://sparql.cwrc.ca/ontologies/cwrc#Language,http://id.loc.gov/vocabulary/languages/spa,spanish,,,,,,,,,,,
http://sparql.cwrc.ca/ontologies/cwrc#Language,http://id.loc.gov/vocabulary/languages/chi,chinese,,,,,,,,,,,
http://sparql.cwrc.ca/ontologies/cwrc#Language,http://id.loc.gov/vocabulary/languages/guj,gujarati,guzerati,,,,,,,,,,
http://sparql.cwrc.ca/ontologies/cwrc#Language,http://id.loc.gov/vocabulary/languages/gla,gaelic,,,,,,,,,,,
http://sparql.cwrc.ca/ontologies/cwrc#Language,http://id.loc.gov/vocabulary/languages/cze,czech,,,,,,,,,,,
http://sparql.cwrc.ca/ontologies/cwrc#Language,http://id.loc.gov/vocabulary/languages/tha,thai,,,,,,,,,,,
http://sparql.cwrc.ca/ontologies/cwrc#Language,http://id.loc.gov/vocabulary/languages/may,malay,,,,,,,,,,,
http://sparql.cwrc.ca/ontologies/cwrc#Language,http://id.loc.gov/vocabulary/languages/pli,pali,,,,,,,,,,,
http://sparql.cwrc.ca/ontologies/cwrc#Language,http://id.loc.gov/vocabulary/languages/rus,russian,,,,,,,,,,,
http://sparql.cwrc.ca/ontologies/cwrc#Language,http://id.loc.gov/vocabulary/languages/mar,marathi,,,,,,,,,,,
http://sparql.cwrc.ca/ontologies/cwrc#NationalHeritage,AT,austrian,,,,,,,,,,,
http://sparql.cwrc.ca/ontologies/cwrc#NationalHeritage,BG,bulgarian,,,,,,,,,,,
http://sparql.cwrc.ca/ontologies/cwrc#NationalHeritage,CA,canadian,,,,,,,,,,,
http://sparql.cwrc.ca/ontologies/cwrc#NationalHeritage,CH,swiss,,,,,,,,,,,
http://sparql.cwrc.ca/ontologies/cwrc#NationalHeritage,CU,cuban,,,,,,,,,,,
http://sparql.cwrc.ca/ontologies/cwrc#NationalHeritage,DE,german,germany,,,,,,,,,,
http://sparql.cwrc.ca/ontologies/cwrc#NationalHeritage,DK,danish,denmark,,,,,,,,,,
http://sparql.cwrc.ca/ontologies/cwrc#NationalHeritage,GB-ENG,english,englishwoman,england,english born,english father,half english,northern english,,,,,
http://sparql.cwrc.ca/ontologies/cwrc#NationalHeritage,ES,spanish,spain,,,,,,,,,,
http://sparql.cwrc.ca/ontologies/cwrc#NationalHeritage,FR,french,french extraction,french mother,half french,,,,,,,,
http://sparql.cwrc.ca/ontologies/cwrc#NationalHeritage,FR-COR,corsican,,,,,,,,,,,
http://sparql.cwrc.ca/ontologies/cwrc#NationalHeritage,GB,british,,,,,,,,,,,
http://sparql.cwrc.ca/ontologies/cwrc#NationalHeritage,GB-EDH,edinburgh,,,,,,,,,,,
http://sparql.cwrc.ca/ontologies/cwrc#NationalHeritage,GB-NIR,northern irish,northern ireland,ulster irish protestants,,,,,,,,,
http://sparql.cwrc.ca/ontologies/cwrc#NationalHeritage,GB-SCT,scottish,scots,scotswoman,scotland,half scots,scotch,shetland,,,,,
http://sparql.cwrc.ca/ontologies/cwrc#NationalHeritage,GH,ghanaian,,,,,,,,,,,
http://sparql.cwrc.ca/ontologies/cwrc#NationalHeritage,HU,hungarian,,,,,,,,,,,
http://sparql.cwrc.ca/ontologies/cwrc#NationalHeritage,IE,irish,irishwoman,half irish,ireland,irishness,,,,,,,
http://sparql.cwrc.ca/ontologies/cwrc#NationalHeritage,IN,indian,,,,,,,,,,,
http://sparql.cwrc.ca/ontologies/cwrc#NationalHeritage,IT,italian,italy,,,,,,,,,,
http://sparql.cwrc.ca/ontologies/cwrc#NationalHeritage,JM,jamaican,jamaica,,,,,,,,,,
http://sparql.cwrc.ca/ontologies/cwrc#NationalHeritage,LT,lithuanian,lithuania,,,,,,,,,,
http://sparql.cwrc.ca/ontologies/cwrc#NationalHeritage,LV,latvian,,,,,,,,,,,
http://sparql.cwrc.ca/ontologies/cwrc#NationalHeritage,NG,nigerian,,,,,,,,,,,
http://sparql.cwrc.ca/ontologies/cwrc#NationalHeritage,NL,netherlands,,,,,,,,,,,
http://sparql.cwrc.ca/ontologies/cwrc#NationalHeritage,NL,the netherlands,,,,,,,,,,,
http://sparql.cwrc.ca/ontologies/cwrc#NationalHeritage,NZ,new zealander,new zealand,,,,,,,,,,
http://sparql.cwrc.ca/ontologies/cwrc#NationalHeritage,PE,peruvian,,,,,,,,,,,
http://sparql.cwrc.ca/ontologies/cwrc#NationalHeritage,PL,polish,pollish,,,,,,,,,,
http://sparql.cwrc.ca/ontologies/cwrc#NationalHeritage,PT,portuguese,portugal,,,,,,,,,,
http://sparql.cwrc.ca/ontologies/cwrc#NationalHeritage,RO,romania,,,,,,,,,,,
http://sparql.cwrc.ca/ontologies/cwrc#NationalHeritage,RU,russian,,,,,,,,,,,
http://sparql.cwrc.ca/ontologies/cwrc#NationalHeritage,SE,swedish,,,,,,,,,,,
http://sparql.cwrc.ca/ontologies/cwrc#NationalHeritage,TR,turkish,,,,,,,,,,,
http://sparql.cwrc.ca/ontologies/cwrc#NationalHeritage,UA,ukrainian,,,,,,,,,,,
http://sparql.cwrc.ca/ontologies/cwrc#NationalHeritage,US,american,usa,united states,,,,,,,,,
http://sparql.cwrc.ca/ontologies/cwrc#NationalHeritage,GB-WLS,welsh,welsh extraction,,,,,,,,,,
http://sparql.cwrc.ca/ontologies/cwrc#NationalIdentity,AU,australian,australia,,,,,,,,,,
http://sparql.cwrc.ca/ontologies/cwrc#NationalIdentity,CA,canadian,,,,,,,,,,,
http://sparql.cwrc.ca/ontologies/cwrc#NationalIdentity,CN,chinese,,,,,,,,,,,
http://sparql.cwrc.ca/ontologies/cwrc#NationalIdentity,DE,german,,,,,,,,,,,
http://sparql.cwrc.ca/ontologies/cwrc#NationalIdentity,DK,danish,,,,,,,,,,,
http://sparql.cwrc.ca/ontologies/cwrc#NationalIdentity,DZ,algerian,,,,,,,,,,,
http://sparql.cwrc.ca/ontologies/cwrc#NationalIdentity,GB-ENG,english,england,englishwoman,engllish,,,,,,,,
http://sparql.cwrc.ca/ontologies/cwrc#NationalIdentity,ES,spanish,,,,,,,,,,,
http://sparql.cwrc.ca/ontologies/cwrc#NationalIdentity,FR,french,,,,,,,,,,,
http://sparql.cwrc.ca/ontologies/cwrc#NationalIdentity,GB,british,,,,,,,,,,,
http://sparql.cwrc.ca/ontologies/cwrc#NationalIdentity,GB-NIR,northern irish,,,,,,,,,,,
http://sparql.cwrc.ca/ontologies/cwrc#NationalIdentity,GB-SCT,scottish,scotswoman,scots,scotland,scot,,,,,,,
http://sparql.cwrc.ca/ontologies/cwrc#NationalIdentity,GB-WLS,welsh,welshwoman,,,,,,,,,,
http://sparql.cwrc.ca/ontologies/cwrc#NationalIdentity,GY,guyanan,,,,,,,,,,,
http://sparql.cwrc.ca/ontologies/cwrc#NationalIdentity,HU,hungarian,,,,,,,,,,,
http://sparql.cwrc.ca/ontologies/cwrc#NationalIdentity,IE,irish,ireland,,,,,,,,,,
http://sparql.cwrc.ca/ontologies/cwrc#NationalIdentity,IN,indian,,,,,,,,,,,
http://sparql.cwrc.ca/ontologies/cwrc#NationalIdentity,IT-GE,genoese,,,,,,,,,,,
http://sparql.cwrc.ca/ontologies/cwrc#NationalIdentity,JM,jamaican,,,,,,,,,,,
http://sparql.cwrc.ca/ontologies/cwrc#NationalIdentity,KE,kenyan,,,,,,,,,,,
http://sparql.cwrc.ca/ontologies/cwrc#NationalIdentity,NG,nigerian,,,,,,,,,,,
http://sparql.cwrc.ca/ontologies/cwrc#NationalIdentity,NZ,new zealander,,,,,,,,,,,
http://sparql.cwrc.ca/ontologies/cwrc#NationalIdentity,RU,russian,,,,,,,,,,,
http://sparql.cwrc.ca/ontologies/cwrc#NationalIdentity,US,american,america,usa,us,,,,,,,,
http://sparql.cwrc.ca/ontologies/cwrc#NationalIdentity,ZA,south african,,,,,,,,,,,
http://sparql.cwrc.ca/ontologies/cwrc#Sexuality,http://sparql.cwrc.ca/ontologies/cwrc#sexualityPromiscuity,promiscuity,PROMISCUOUS,,,,,,,,,,
http://sparql.cwrc.ca/ontologies/cwrc#Sexuality,http://sparql.cwrc.ca/ontologies/cwrc#homosexual,homosexuality,HOMOSEXUAL,HOMOSEXUALITY,MALE HOMOSEXUAL,,,,,,,,
http://sparql.cwrc.ca/ontologies/cwrc#Sexuality,http://sparql.cwrc.ca/ontologies/cwrc#sexualityCelibacy,celibacy,CELIBATE,,,,,,,,,,
http://sparql.cwrc.ca/ontologies/cwrc#Sexuality,http://sparql.cwrc.ca/ontologies/cwrc#sexualityLibertinism,libertinism,LIBERTINISM,,,,,,,,,,
http://sparql.cwrc.ca/ontologies/cwrc#Sexuality,http://sparql.cwrc.ca/ontologies/cwrc#heterosexual,heterosexuality,HETEROSEXUALITY,HETEROSEXUAL,,,,,,,,,
http://sparql.cwrc.ca/ontologies/cwrc#Sexuality,http://sparql.cwrc.ca/ontologies/cwrc#sexualityBisexuality,bisexuality,BISEXUAL,BISEXUALITY,,,,,,,,,
http://sparql.cwrc.ca/ontologies/cwrc#Sexuality,http://sparql.cwrc.ca/ontologies/cwrc#sexualityFrigidity,frigidity,FRIGID,,,,,,,,,,
http://sparql.cwrc.ca/ontologies/cwrc#Sexuality,http://sparql.cwrc.ca/ontologies/cwrc#lesbian,lesbianism,LESBIANISM,LESBIAN,,,,,,,,,
http://sparql.cwrc.ca/ontologies/cwrc#Ethnicity,http://sparql.cwrc.ca/ontologies/cwrc#whiteEthnicity,white,,,,,,,,,,,
http://sparql.cwrc.ca/ontologies/cwrc#Ethnicity,http://sparql.cwrc.ca/ontologies/cwrc#irishEthnicity,Irish,irish ancestry,,,,,,,,,,
http://sparql.cwrc.ca/ontologies/cwrc#Ethnicity,http://sparql.cwrc.ca/ontologies/cwrc#igboEthnicity,Igbo,,,,,,,,,,,
http://sparql.cwrc.ca/ontologies/cwrc#Ethnicity,http://sparql.cwrc.ca/ontologies/cwrc#romaniEthnicity,Romani,gypsy,Roma,gypsies,gipsy,,,,,,,
http://sparql.cwrc.ca/ontologies/cwrc#Ethnicity,http://sparql.cwrc.ca/ontologies/cwrc#westIndianEthnicity,West Indian,,,,,,,,,,,
http://sparql.cwrc.ca/ontologies/cwrc#Ethnicity,http://sparql.cwrc.ca/ontologies/cwrc#bengaliEthnicity,Bengali,,,,,,,,,,,
http://sparql.cwrc.ca/ontologies/cwrc#Ethnicity,http://sparql.cwrc.ca/ontologies/cwrc#anglo-normanEthnicity,Anglo-Norman,,,,,,,,,,,
http://sparql.cwrc.ca/ontologies/cwrc#Ethnicity,http://sparql.cwrc.ca/ontologies/cwrc#africanEthnicity,African,black African descent,,,,,,,,,,
http://sparql.cwrc.ca/ontologies/cwrc#Ethnicity,http://sparql.cwrc.ca/ontologies/cwrc#sephardicJewishEthnicity,Sephardic Jewish,,,,,,,,,,,
http://sparql.cwrc.ca/ontologies/cwrc#Ethnicity,http://sparql.cwrc.ca/ontologies/cwrc#chineseEthnicity,Chinese,,,,,,,,,,,
http://sparql.cwrc.ca/ontologies/cwrc#Ethnicity,http://sparql.cwrc.ca/ontologies/cwrc#europeanEthnicity,European,,,,,,,,,,,
http://sparql.cwrc.ca/ontologies/cwrc#Ethnicity,http://sparql.cwrc.ca/ontologies/cwrc#anglo-irishEthnicity,Anglo-Irish,,,,,,,,,,,
http://sparql.cwrc.ca/ontologies/cwrc#Ethnicity,http://sparql.cwrc.ca/ontologies/cwrc#jamaicanEthnicity,Jamaican,,,,,,,,,,,
http://sparql.cwrc.ca/ontologies/cwrc#Ethnicity,http://sparql.cwrc.ca/ontologies/cwrc#englishEthnicity,English,,,,,,,,,,,
http://sparql.cwrc.ca/ontologies/cwrc#Ethnicity,http://sparql.cwrc.ca/ontologies/cwrc#wendishEthnicity,Wendish,Wends or Sorbs,,,,,,,,,,
http://sparql.cwrc.ca/ontologies/cwrc#Ethnicity,http://sparql.cwrc.ca/ontologies/cwrc#ashkenaziJewishEthnicity,Ashkenazi Jewish,"Ashkenazim, or German Jewish",Ashkenazim,,,,,,,,,
http://sparql.cwrc.ca/ontologies/cwrc#Ethnicity,http://sparql.cwrc.ca/ontologies/cwrc#punjabiEthnicity,Punjabi,,,,,,,,,,,
http://sparql.cwrc.ca/ontologies/cwrc#Ethnicity,http://sparql.cwrc.ca/ontologies/cwrc#jewishEthnicity,Jewish,Jewry,one-quarter Jewish,a Jewish,Jewish,Judaism,Jew,Jews,,,,
http://sparql.cwrc.ca/ontologies/cwrc#Ethnicity,http://sparql.cwrc.ca/ontologies/cwrc#slavEthnicity,Slav,,,,,,,,,,,
http://sparql.cwrc.ca/ontologies/cwrc#Ethnicity,http://sparql.cwrc.ca/ontologies/cwrc#creoleEthnicity,Creole,,,,,,,,,,,
http://sparql.cwrc.ca/ontologies/cwrc#Ethnicity,http://sparql.cwrc.ca/ontologies/cwrc#parsiEthnicity,Parsi,,,,,,,,,,,
http://sparql.cwrc.ca/ontologies/cwrc#Ethnicity,http://sparql.cwrc.ca/ontologies/cwrc#african-americanEthnicity,African-American,African-Americans,,,,,,,,,,
http://sparql.cwrc.ca/ontologies/cwrc#Ethnicity,http://sparql.cwrc.ca/ontologies/cwrc#arabEthnicity,Arab,,,,,,,,,,,
http://sparql.cwrc.ca/ontologies/cwrc#Ethnicity,http://sparql.cwrc.ca/ontologies/cwrc#thracianEthnicity,Thracian,Thracians,,,,,,,,,,
http://sparql.cwrc.ca/ontologies/cwrc#Ethnicity,http://sparql.cwrc.ca/ontologies/cwrc#blackEthnicity,black,,,,,,,,,,,
http://sparql.cwrc.ca/ontologies/cwrc#Ethnicity,http://sparql.cwrc.ca/ontologies/cwrc#celticEthnicity,Celtic,Highland (that is Celtic),Highland,,,,,,,,,
http://sparql.cwrc.ca/ontologies/cwrc#PoliticalAffiliation,http://sparql.cwrc.ca/ontologies/cwrc#pro-Catholicism,pro-Catholicism,non-compounder,roman catholic,catholic,,,,,,,,
http://sparql.cwrc.ca/ontologies/cwrc#PoliticalAffiliation,http://sparql.cwrc.ca/ontologies/cwrc#disestablishmentarianism,disestablishmentarianism,anti-anglican,anti-episcopalian,anti-episcopal,anti-tithes,,,,,,,
http://sparql.cwrc.ca/ontologies/cwrc#PoliticalAffiliation,http://sparql.cwrc.ca/ontologies/cwrc#environmentalism,environmentalism,nature conservationist,environmentalist,ecologist,,,,,,,,
http://sparql.cwrc.ca/ontologies/cwrc#PoliticalAffiliation,http://sparql.cwrc.ca/ontologies/cwrc#anti-Communism,anti-communism,anti-communist,,,,,,,,,,
http://sparql.cwrc.ca/ontologies/cwrc#PoliticalAffiliation,http://sparql.cwrc.ca/ontologies/cwrc#libertarianism,Libertarianism,libertarian,religious libertarian,,,,,,,,,
http://sparql.cwrc.ca/ontologies/cwrc#PoliticalAffiliation,http://sparql.cwrc.ca/ontologies/cwrc#individualism,individualism,individualist,,,,,,,,,,
http://sparql.cwrc.ca/ontologies/cwrc#PoliticalAffiliation,http://sparql.cwrc.ca/ontologies/cwrc#anti-European,anti-European politics,,,,,,,,,,,
http://sparql.cwrc.ca/ontologies/cwrc#PoliticalAffiliation,http://sparql.cwrc.ca/ontologies/cwrc#guelphPartyFlorence,Guelph party (Florence),,,,,,,,,,,
http://sparql.cwrc.ca/ontologies/cwrc#PoliticalAffiliation,http://sparql.cwrc.ca/ontologies/cwrc#boulangism,boulangism,boulangist,,,,,,,,,,
http://sparql.cwrc.ca/ontologies/cwrc#PoliticalAffiliation,http://sparql.cwrc.ca/ontologies/cwrc#girondin,Girondin,,,,,,,,,,,
http://sparql.cwrc.ca/ontologies/cwrc#PoliticalAffiliation,http://sparql.cwrc.ca/ontologies/cwrc#anti-Bolshevism,anti-Bolshevism,anti-bolshevik,,,,,,,,,,
http://sparql.cwrc.ca/ontologies/cwrc#PoliticalAffiliation,http://sparql.cwrc.ca/ontologies/cwrc#anti-Capitalism,anti-capitalism,anti-capitalist,,,,,,,,,,
http://sparql.cwrc.ca/ontologies/cwrc#PoliticalAffiliation,http://sparql.cwrc.ca/ontologies/cwrc#communism,communism,christian communist,communist,,,,,,,,,
http://sparql.cwrc.ca/ontologies/cwrc#PoliticalAffiliation,http://sparql.cwrc.ca/ontologies/cwrc#conservatism,conservatism,conservative,,,,,,,,,,
http://sparql.cwrc.ca/ontologies/cwrc#PoliticalAffiliation,http://sparql.cwrc.ca/ontologies/cwrc#artsAdvocacy,arts advocacy,advocate for the arts,artists' advocate,,,,,,,,,
http://sparql.cwrc.ca/ontologies/cwrc#PoliticalAffiliation,http://sparql.cwrc.ca/ontologies/cwrc#republicanism,republicanism,,,,,,,,,,,
http://sparql.cwrc.ca/ontologies/cwrc#PoliticalAffiliation,http://sparql.cwrc.ca/ontologies/cwrc#greekNationalist,Greek nationalism,,,,,,,,,,,
http://sparql.cwrc.ca/ontologies/cwrc#PoliticalAffiliation,http://sparql.cwrc.ca/ontologies/cwrc#anti-Zionism,anti-Zionism,anti-israel,anti-zionist,,,,,,,,,
http://sparql.cwrc.ca/ontologies/cwrc#PoliticalAffiliation,http://sparql.cwrc.ca/ontologies/cwrc#birthControlActivism,birth control activism,contraceptionist,pro birth control,birth control activist,birth control campaigner,pro-birth control,birth-control activist,pro-contraception,,,,
http://sparql.cwrc.ca/ontologies/cwrc#PoliticalAffiliation,http://sparql.cwrc.ca/ontologies/cwrc#covenanters,Covenanters,,,,,,,,,,,
http://sparql.cwrc.ca/ontologies/cwrc#PoliticalAffiliation,http://sparql.cwrc.ca/ontologies/cwrc#marriageLawReform,marriage law reform,divorce reformer,custody rights,divorce reform activist,marriage law reformer,marriage reformer,maternal wage activist,married women's property supporter,,,,
http://sparql.cwrc.ca/ontologies/cwrc#PoliticalAffiliation,http://sparql.cwrc.ca/ontologies/cwrc#marxism,Marxism,marxist,,,,,,,,,,
http://sparql.cwrc.ca/ontologies/cwrc#PoliticalAffiliation,http://sparql.cwrc.ca/ontologies/cwrc#stalinism,Stalinism,stalinist,totalitarian,,,,,,,,,
http://sparql.cwrc.ca/ontologies/cwrc#PoliticalAffiliation,http://sparql.cwrc.ca/ontologies/cwrc#anti-Antisemitism,anti-antisemitism,anti-anti-semitism,anti-antisemitic,anti-antisemitist,,,,,,,,
http://sparql.cwrc.ca/ontologies/cwrc#PoliticalAffiliation,http://sparql.cwrc.ca/ontologies/cwrc#americanNationalism,American nationalism,american nationalist,us patriotism,(us) nationalist,us nationalist,,,,,,,
http://sparql.cwrc.ca/ontologies/cwrc#PoliticalAffiliation,http://sparql.cwrc.ca/ontologies/cwrc#egalitarianism,egalitarianism,egalitarian,,,,,,,,,,
http://sparql.cwrc.ca/ontologies/cwrc#PoliticalAffiliation,http://sparql.cwrc.ca/ontologies/cwrc#christianPacifism,Christian pacifism,christian pacifist,,,,,,,,,,
http://sparql.cwrc.ca/ontologies/cwrc#PoliticalAffiliation,http://sparql.cwrc.ca/ontologies/cwrc#anti-War,anti-war movement,anti-war,anti-militarism,anti-war activism,anti-militaristic,anti Vietnam war,vietnam war protester,,,,,
http://sparql.cwrc.ca/ontologies/cwrc#PoliticalAffiliation,http://sparql.cwrc.ca/ontologies/cwrc#jacobitism,Jacobitism,jacobite,,,,,,,,,,
http://sparql.cwrc.ca/ontologies/cwrc#PoliticalAffiliation,http://sparql.cwrc.ca/ontologies/cwrc#anti-Pacifism,anti-pacifism,conscriptionist,war supporter,anti-appeasement,,,,,,,,
http://sparql.cwrc.ca/ontologies/cwrc#PoliticalAffiliation,http://sparql.cwrc.ca/ontologies/cwrc#pro-American,pro-American,,,,,,,,,,,
http://sparql.cwrc.ca/ontologies/cwrc#PoliticalAffiliation,http://sparql.cwrc.ca/ontologies/cwrc#nihilism,nihilism,nihilist,,,,,,,,,,
http://sparql.cwrc.ca/ontologies/cwrc#PoliticalAffiliation,http://sparql.cwrc.ca/ontologies/cwrc#feministPacifism,feminist pacifism,,,,,,,,,,,
http://sparql.cwrc.ca/ontologies/cwrc#PoliticalAffiliation,http://sparql.cwrc.ca/ontologies/cwrc#scottishNationalism,Scottish nationalism,scots nationalist,scottish nationalist,,,,,,,,,
http://sparql.cwrc.ca/ontologies/cwrc#PoliticalAffiliation,http://sparql.cwrc.ca/ontologies/cwrc#nazism,Nazism,nazi,pro-nazi,,,,,,,,,
http://sparql.cwrc.ca/ontologies/cwrc#PoliticalAffiliation,http://sparql.cwrc.ca/ontologies/cwrc#pro-European,pro-European,,,,,,,,,,,
http://sparql.cwrc.ca/ontologies/cwrc#PoliticalAffiliation,http://sparql.cwrc.ca/ontologies/cwrc#parliamentarianism,parliamentarianism,parliamentarianism,parliamentarian,pro-parliamentarian,,,,,,,,
http://sparql.cwrc.ca/ontologies/cwrc#PoliticalAffiliation,http://sparql.cwrc.ca/ontologies/cwrc#parliamentaryReform,parliamentary reform,parliamentary reformer,pro-reform,,,,,,,,,
http://sparql.cwrc.ca/ontologies/cwrc#PoliticalAffiliation,http://sparql.cwrc.ca/ontologies/cwrc#jacobinism,Jacobinism,jacobin,,,,,,,,,,
http://sparql.cwrc.ca/ontologies/cwrc#PoliticalAffiliation,http://sparql.cwrc.ca/ontologies/cwrc#internationalism,internationalism,internationalist,,,,,,,,,,
http://sparql.cwrc.ca/ontologies/cwrc#PoliticalAffiliation,http://sparql.cwrc.ca/ontologies/cwrc#imperialism,imperialism,commonwealth supporter,colonialist,imperialist,,,,,,,,
http://sparql.cwrc.ca/ontologies/cwrc#PoliticalAffiliation,http://sparql.cwrc.ca/ontologies/cwrc#anti-Feminism,anti-feminism,misogynist,antifeminist,anti-women's liberation,anti-feminist,non-feminist,gender conservative,,,,,
http://sparql.cwrc.ca/ontologies/cwrc#PoliticalAffiliation,http://sparql.cwrc.ca/ontologies/cwrc#abolitionism,abolitionism,anti-slavery,abolitionist,sugar boycotter,integrationism,abolition,,,,,,
http://sparql.cwrc.ca/ontologies/cwrc#PoliticalAffiliation,http://sparql.cwrc.ca/ontologies/cwrc#anti-Urbanism,anti-urbanism,pro-countryside,,,,,,,,,,
http://sparql.cwrc.ca/ontologies/cwrc#PoliticalAffiliation,http://sparql.cwrc.ca/ontologies/cwrc#anti-CapitalPunishment,anti-capital punishment,opponent of capital punishment,anti-capital-punishment,,,,,,,,,
http://sparql.cwrc.ca/ontologies/cwrc#PoliticalAffiliation,http://sparql.cwrc.ca/ontologies/cwrc#anti-Globalism,anti-globalism,anti-globalist,,,,,,,,,,
http://sparql.cwrc.ca/ontologies/cwrc#PoliticalAffiliation,http://sparql.cwrc.ca/ontologies/cwrc#anti-Dreyfusard,anti-Dreyfusard,,,,,,,,,,,
http://sparql.cwrc.ca/ontologies/cwrc#PoliticalAffiliation,http://sparql.cwrc.ca/ontologies/cwrc#pacifism,pacifism,pacifist supporter,peace movement,pacifist,,,,,,,,
http://sparql.cwrc.ca/ontologies/cwrc#PoliticalAffiliation,http://sparql.cwrc.ca/ontologies/cwrc#frenchNationalism,French nationalism,,,,,,,,,,,
http://sparql.cwrc.ca/ontologies/cwrc#PoliticalAffiliation,http://sparql.cwrc.ca/ontologies/cwrc#anti-Federalism,Anti-Federalism,anti-federalist,,,,,,,,,,
http://sparql.cwrc.ca/ontologies/cwrc#PoliticalAffiliation,http://sparql.cwrc.ca/ontologies/cwrc#bolshevism,Bolshevism,pro-bolshevik,Bolshevist,,,,,,,,,
http://sparql.cwrc.ca/ontologies/cwrc#PoliticalAffiliation,http://sparql.cwrc.ca/ontologies/cwrc#polishNationalism,Polish nationalism,Polish nationalism,polish nationalist,,,,,,,,,
http://sparql.cwrc.ca/ontologies/cwrc#PoliticalAffiliation,http://sparql.cwrc.ca/ontologies/cwrc#dressReform,dress reform,dress reformer,,,,,,,,,,
http://sparql.cwrc.ca/ontologies/cwrc#PoliticalAffiliation,http://sparql.cwrc.ca/ontologies/cwrc#jewishEmancipation,Jewish emancipation,,,,,,,,,,,
http://sparql.cwrc.ca/ontologies/cwrc#PoliticalAffiliation,http://sparql.cwrc.ca/ontologies/cwrc#womanism,womanism,womanist,,,,,,,,,,
http://sparql.cwrc.ca/ontologies/cwrc#PoliticalAffiliation,http://sparql.cwrc.ca/ontologies/cwrc#co-operativeMovement,co-operative movement,,,,,,,,,,,
http://sparql.cwrc.ca/ontologies/cwrc#PoliticalAffiliation,http://sparql.cwrc.ca/ontologies/cwrc#animalWelfareAdvocacy,animal welfare advocacy,anti-cruelty,animal welfare activist,anti-hunting,animal activist,animal rights advocate,animal rights,anti-cruelty to animals,anti-blood-sports,,,
http://sparql.cwrc.ca/ontologies/cwrc#PoliticalAffiliation,http://sparql.cwrc.ca/ontologies/cwrc#anti-American,anti-American politics,,,,,,,,,,,
http://sparql.cwrc.ca/ontologies/cwrc#PoliticalAffiliation,http://sparql.cwrc.ca/ontologies/cwrc#maoism,Maoism,chinese communism,,,,,,,,,,
http://sparql.cwrc.ca/ontologies/cwrc#PoliticalAffiliation,http://sparql.cwrc.ca/ontologies/cwrc#elderRights,elder rights,elder care activist,,,,,,,,,,
http://sparql.cwrc.ca/ontologies/cwrc#PoliticalAffiliation,http://sparql.cwrc.ca/ontologies/cwrc#rationalism,rationalism,rationalist,,,,,,,,,,
http://sparql.cwrc.ca/ontologies/cwrc#PoliticalAffiliation,http://sparql.cwrc.ca/ontologies/cwrc#nationalism,nationalism,,,,,,,,,,,
http://sparql.cwrc.ca/ontologies/cwrc#PoliticalAffiliation,http://sparql.cwrc.ca/ontologies/cwrc#wilkite,Wilkite,,,,,,,,,,,
http://sparql.cwrc.ca/ontologies/cwrc#PoliticalAffiliation,http://sparql.cwrc.ca/ontologies/cwrc#propertyLawReform,property law reform,land reform,land reformer,property reform,illegitimacy reformer,,,,,,,
http://sparql.cwrc.ca/ontologies/cwrc#PoliticalAffiliation,http://sparql.cwrc.ca/ontologies/cwrc#revolutionaryPolitics,revolutionary,pro-revolutionary,,,,,,,,,,
http://sparql.cwrc.ca/ontologies/cwrc#PoliticalAffiliation,http://sparql.cwrc.ca/ontologies/cwrc#civilRights,civil rights movement,personal rights advocate,civil rights,pro civil rights,civil rights activist,,,,,,,
http://sparql.cwrc.ca/ontologies/cwrc#PoliticalAffiliation,http://sparql.cwrc.ca/ontologies/cwrc#anti-Catholicism,anti-catholicism,anti-catholic-emancipation,anti-catholic,,,,,,,,,
http://sparql.cwrc.ca/ontologies/cwrc#PoliticalAffiliation,http://sparql.cwrc.ca/ontologies/cwrc#irishUnionism,Irish unionism,unionist,anti-irish,anti-home ruler,anti-home rule,anti-irish nationalist,,,,,,
http://sparql.cwrc.ca/ontologies/cwrc#PoliticalAffiliation,http://sparql.cwrc.ca/ontologies/cwrc#anti-Fascism,anti-fascism,anti-fascist,anti-nazi,,,,,,,,,
http://sparql.cwrc.ca/ontologies/cwrc#PoliticalAffiliation,http://sparql.cwrc.ca/ontologies/cwrc#socialPurity,social purity,purity movement,,,,,,,,,,
http://sparql.cwrc.ca/ontologies/cwrc#PoliticalAffiliation,http://sparql.cwrc.ca/ontologies/cwrc#left-Wing,left-wing,leftist,anti-conservative,,,,,,,,,
http://sparql.cwrc.ca/ontologies/cwrc#PoliticalAffiliation,http://sparql.cwrc.ca/ontologies/cwrc#constitutionalism,constitutionalism,constitutionalist,constitutional feminist,,,,,,,,,
http://sparql.cwrc.ca/ontologies/cwrc#PoliticalAffiliation,http://sparql.cwrc.ca/ontologies/cwrc#anti-Boer,anti-Boer politics,,,,,,,,,,,
http://sparql.cwrc.ca/ontologies/cwrc#PoliticalAffiliation,http://sparql.cwrc.ca/ontologies/cwrc#irishNationalism,Irish nationalism,irish patriotism,parnellite,irish nationalist,cultural nationalist,,,,,,,
http://sparql.cwrc.ca/ontologies/cwrc#PoliticalAffiliation,http://sparql.cwrc.ca/ontologies/cwrc#feministInternationalism,feminist internationalism,,,,,,,,,,,
http://sparql.cwrc.ca/ontologies/cwrc#PoliticalAffiliation,http://sparql.cwrc.ca/ontologies/cwrc#anti-Censorship,anti-censorship movement,intellectual property activist,Freedom of Speech,anti-censorship,pro free speech,pro-free speech,free speech advocate,,,,,
http://sparql.cwrc.ca/ontologies/cwrc#PoliticalAffiliation,http://sparql.cwrc.ca/ontologies/cwrc#christianSocialism,Christian socialism,christian socialist,,,,,,,,,,
http://sparql.cwrc.ca/ontologies/cwrc#PoliticalAffiliation,http://sparql.cwrc.ca/ontologies/cwrc#womensEducationReform,women's education reform,female education,campaigner for women's education,women's medical education,activist for women's education,women's higher education,women's education reformer,female education advocate,,,,
http://sparql.cwrc.ca/ontologies/cwrc#PoliticalAffiliation,http://sparql.cwrc.ca/ontologies/cwrc#anti-CorporalPunishment,anti-corporal punishment,,,,,,,,,,,
http://sparql.cwrc.ca/ontologies/cwrc#PoliticalAffiliation,http://sparql.cwrc.ca/ontologies/cwrc#secularism,secularism,secularist,,,,,,,,,,
http://sparql.cwrc.ca/ontologies/cwrc#PoliticalAffiliation,http://sparql.cwrc.ca/ontologies/cwrc#toryPartyBritain,Tory Party (Britain),tory,,,,,,,,,,
http://sparql.cwrc.ca/ontologies/cwrc#PoliticalAffiliation,http://sparql.cwrc.ca/ontologies/cwrc#fascism,fascism,fascist party,fascist,pro-fascist,,,,,,,,
http://sparql.cwrc.ca/ontologies/cwrc#PoliticalAffiliation,http://sparql.cwrc.ca/ontologies/cwrc#anti-Monarchism,anti-monarchism,anti-monarchist,,,,,,,,,,
http://sparql.cwrc.ca/ontologies/cwrc#PoliticalAffiliation,http://sparql.cwrc.ca/ontologies/cwrc#conscientiousObjection,conscientious objection,,,,,,,,,,,
http://sparql.cwrc.ca/ontologies/cwrc#PoliticalAffiliation,http://sparql.cwrc.ca/ontologies/cwrc#existentialism,existentialism,existentialist,,,,,,,,,,
http://sparql.cwrc.ca/ontologies/cwrc#PoliticalAffiliation,http://sparql.cwrc.ca/ontologies/cwrc#pro-BoerWar,pro-Boer War,,,,,,,,,,,
http://sparql.cwrc.ca/ontologies/cwrc#PoliticalAffiliation,http://sparql.cwrc.ca/ontologies/cwrc#socialReform,social reform,reformers,social reformer,reformist,social welfare,progressivism,reformer,reform,,,,
http://sparql.cwrc.ca/ontologies/cwrc#PoliticalAffiliation,http://sparql.cwrc.ca/ontologies/cwrc#anti-Apartheid,anti-apartheid,,,,,,,,,,,
http://sparql.cwrc.ca/ontologies/cwrc#PoliticalAffiliation,http://sparql.cwrc.ca/ontologies/cwrc#anti-Jacobin,anti-Jacobin,anti-revolutionary,,,,,,,,,,
http://sparql.cwrc.ca/ontologies/cwrc#PoliticalAffiliation,http://sparql.cwrc.ca/ontologies/cwrc#neo-Conservatism,neo-conservatism,,,,,,,,,,,
http://sparql.cwrc.ca/ontologies/cwrc#PoliticalAffiliation,http://sparql.cwrc.ca/ontologies/cwrc#poorLawReform,poor law reform,Poor Law reform,,,,,,,,,,
http://sparql.cwrc.ca/ontologies/cwrc#PoliticalAffiliation,http://sparql.cwrc.ca/ontologies/cwrc#anti-Racism,anti-racism,anti-racist,,,,,,,,,,
http://sparql.cwrc.ca/ontologies/cwrc#PoliticalAffiliation,http://sparql.cwrc.ca/ontologies/cwrc#welshNationalism,Welsh nationalism,welsh nationalist,,,,,,,,,,
http://sparql.cwrc.ca/ontologies/cwrc#PoliticalAffiliation,http://sparql.cwrc.ca/ontologies/cwrc#racialEquality,racial equality,racial integrationist,racial integration,race equality,racial equality activist,activist for racial equality,,,,,,
http://sparql.cwrc.ca/ontologies/cwrc#PoliticalAffiliation,http://sparql.cwrc.ca/ontologies/cwrc#anti-NuclearMovement,anti-nuclear movement,nuclear disarmament,anti-nuclear,pro nuclear disarmament,Campaign for Nuclear Disarmament,anti-nuclear activist,anti-nuclear weapons,anti-nuclear war,nuclear disarmament campaigner,,,
http://sparql.cwrc.ca/ontologies/cwrc#PoliticalAffiliation,http://sparql.cwrc.ca/ontologies/cwrc#egyptianNationalism,Egyptian nationalism,,,,,,,,,,,
http://sparql.cwrc.ca/ontologies/cwrc#PoliticalAffiliation,http://sparql.cwrc.ca/ontologies/cwrc#womensEmploymentReform,women's employment reform,women's employment reformer,equal rights in the work place,employment activist,female employment,,,,,,,
http://sparql.cwrc.ca/ontologies/cwrc#PoliticalAffiliation,http://sparql.cwrc.ca/ontologies/cwrc#aidsActivism,AIDS activism,aids activist,,,,,,,,,,
http://sparql.cwrc.ca/ontologies/cwrc#PoliticalAffiliation,http://sparql.cwrc.ca/ontologies/cwrc#taxResistance,tax resistance,tax withholder,tax resister,,,,,,,,,
http://sparql.cwrc.ca/ontologies/cwrc#PoliticalAffiliation,http://sparql.cwrc.ca/ontologies/cwrc#eugenics,eugenics,eugenicist,,,,,,,,,,
http://sparql.cwrc.ca/ontologies/cwrc#PoliticalAffiliation,http://sparql.cwrc.ca/ontologies/cwrc#newDealer,new dealer,,,,,,,,,,,
http://sparql.cwrc.ca/ontologies/cwrc#PoliticalAffiliation,http://sparql.cwrc.ca/ontologies/cwrc#feministAnti-ViolenceActivism,feminist anti-violence activism,anti-female-genital-mutilation,,,,,,,,,,
http://sparql.cwrc.ca/ontologies/cwrc#PoliticalAffiliation,http://sparql.cwrc.ca/ontologies/cwrc#anti-Trade-Unionism,anti-trade-unionism,anti-trade-unionist,,,,,,,,,,
http://sparql.cwrc.ca/ontologies/cwrc#PoliticalAffiliation,http://sparql.cwrc.ca/ontologies/cwrc#freeTradeMovement,free trade movement,free trader,,,,,,,,,,
http://sparql.cwrc.ca/ontologies/cwrc#PoliticalAffiliation,http://sparql.cwrc.ca/ontologies/cwrc#conservativePartyUk,Conservative Party (UK),conservative party,,,,,,,,,,
http://sparql.cwrc.ca/ontologies/cwrc#PoliticalAffiliation,http://sparql.cwrc.ca/ontologies/cwrc#anti-Conscriptionism,anti-conscriptionism,anti-conscriptionist,,,,,,,,,,
http://sparql.cwrc.ca/ontologies/cwrc#PoliticalAffiliation,http://sparql.cwrc.ca/ontologies/cwrc#hanoverian,Hanoverian,House of Hanover,,,,,,,,,,
http://sparql.cwrc.ca/ontologies/cwrc#PoliticalAffiliation,http://sparql.cwrc.ca/ontologies/cwrc#antidisestablishmentarianism,antidisestablishmentarianism,antidisestablishmentarian,,,,,,,,,,
http://sparql.cwrc.ca/ontologies/cwrc#PoliticalAffiliation,http://sparql.cwrc.ca/ontologies/cwrc#humanism,humanism,humanist,,,,,,,,,,
http://sparql.cwrc.ca/ontologies/cwrc#PoliticalAffiliation,http://sparql.cwrc.ca/ontologies/cwrc#britishNationalism,British nationalism,british nationalist,,,,,,,,,,
http://sparql.cwrc.ca/ontologies/cwrc#PoliticalAffiliation,http://sparql.cwrc.ca/ontologies/cwrc#childrensWelfare,children's welfare,children's rights,children's rights advocate,children's rights activist,campaigner against child prostitution,,,,,,,
http://sparql.cwrc.ca/ontologies/cwrc#PoliticalAffiliation,http://sparql.cwrc.ca/ontologies/cwrc#spanishRepublicanism,Spanish republicanism,spanish republican supporter,spanish republican,,,,,,,,,
http://sparql.cwrc.ca/ontologies/cwrc#PoliticalAffiliation,http://sparql.cwrc.ca/ontologies/cwrc#pro-Choice,pro-choice,,,,,,,,,,,
http://sparql.cwrc.ca/ontologies/cwrc#PoliticalAffiliation,http://sparql.cwrc.ca/ontologies/cwrc#anti-Vivisection,anti-vivisection,anti-vivisectionist,,,,,,,,,,
http://sparql.cwrc.ca/ontologies/cwrc#PoliticalAffiliation,http://sparql.cwrc.ca/ontologies/cwrc#blackAnti-Oppression,black anti-oppression movement,black activist,black pride,black liberation,black power,anti-segregationist,black liberationist,,,,,
http://sparql.cwrc.ca/ontologies/cwrc#PoliticalAffiliation,http://sparql.cwrc.ca/ontologies/cwrc#multiculturalism,multiculturalism,multiculturalist,,,,,,,,,,
http://sparql.cwrc.ca/ontologies/cwrc#PoliticalAffiliation,http://sparql.cwrc.ca/ontologies/cwrc#indigenousRights,Indigenous rights movement,,,,,,,,,,,
http://sparql.cwrc.ca/ontologies/cwrc#PoliticalAffiliation,http://sparql.cwrc.ca/ontologies/cwrc#nonjurorsMovement,nonjurors movement,,,,,,,,,,,
http://sparql.cwrc.ca/ontologies/cwrc#PoliticalAffiliation,http://sparql.cwrc.ca/ontologies/cwrc#temperanceMovement,temperance movement,temperance,temperance supporter,temperance activist,,,,,,,,
http://sparql.cwrc.ca/ontologies/cwrc#PoliticalAffiliation,http://sparql.cwrc.ca/ontologies/cwrc#anti-Jacobite,anti-Jacobite,,,,,,,,,,,
http://sparql.cwrc.ca/ontologies/cwrc#PoliticalAffiliation,http://sparql.cwrc.ca/ontologies/cwrc#antisemitism,antisemitism,antisemitic,anti-semitism,,,,,,,,,
http://sparql.cwrc.ca/ontologies/cwrc#PoliticalAffiliation,http://sparql.cwrc.ca/ontologies/cwrc#anti-PovertyMovement,anti-poverty movement,poverty activist,anti-poverty activist,anti-poverty movement,,,,,,,,
http://sparql.cwrc.ca/ontologies/cwrc#PoliticalAffiliation,http://sparql.cwrc.ca/ontologies/cwrc#communalism,communalism,communalist,,,,,,,,,,
http://sparql.cwrc.ca/ontologies/cwrc#PoliticalAffiliation,http://sparql.cwrc.ca/ontologies/cwrc#educationReform,education reform,educationalist,education reformer,educational reform,state education movement,educational reformer,,,,,,
http://sparql.cwrc.ca/ontologies/cwrc#PoliticalAffiliation,http://sparql.cwrc.ca/ontologies/cwrc#gayRights,gay rights movement,gay rights advocate,pro-sexual preference,,,,,,,,,
http://sparql.cwrc.ca/ontologies/cwrc#PoliticalAffiliation,http://sparql.cwrc.ca/ontologies/cwrc#conservativeFeminism,conservative feminism,conservative feminism,,,,,,,,,,
http://sparql.cwrc.ca/ontologies/cwrc#PoliticalAffiliation,http://sparql.cwrc.ca/ontologies/cwrc#anti-Bonapartism,anti-Bonapartism,anti-bonapartist,,,,,,,,,,
http://sparql.cwrc.ca/ontologies/cwrc#PoliticalAffiliation,http://sparql.cwrc.ca/ontologies/cwrc#societyOfFriends,Society of Friends,pro-toleration,,,,,,,,,,
http://sparql.cwrc.ca/ontologies/cwrc#PoliticalAffiliation,http://sparql.cwrc.ca/ontologies/cwrc#liberalism,liberalism,liberal,,,,,,,,,,
http://sparql.cwrc.ca/ontologies/cwrc#PoliticalAffiliation,http://sparql.cwrc.ca/ontologies/cwrc#protestantRule,Protestant rule,protestant,protestantism,,,,,,,,,
http://sparql.cwrc.ca/ontologies/cwrc#PoliticalAffiliation,http://sparql.cwrc.ca/ontologies/cwrc#tradeUnionism,trade unionism,union movement,unionism,trade unionist,,,,,,,,
http://sparql.cwrc.ca/ontologies/cwrc#PoliticalAffiliation,http://sparql.cwrc.ca/ontologies/cwrc#anti-Caste,anti-caste movement,worked against the caste system,,,,,,,,,,
http://sparql.cwrc.ca/ontologies/cwrc#PoliticalAffiliation,http://sparql.cwrc.ca/ontologies/cwrc#poorAdvocacy,poor advocacy,advocate for the poor,,,,,,,,,,
http://sparql.cwrc.ca/ontologies/cwrc#PoliticalAffiliation,http://sparql.cwrc.ca/ontologies/cwrc#sabbatarianism,Sabbatarianism,,,,,,,,,,,
http://sparql.cwrc.ca/ontologies/cwrc#PoliticalAffiliation,http://sparql.cwrc.ca/ontologies/cwrc#anti-Suffrage,anti-suffrage,anti-suffragist,anti-sufffragist,,,,,,,,,
http://sparql.cwrc.ca/ontologies/cwrc#PoliticalAffiliation,http://sparql.cwrc.ca/ontologies/cwrc#anti-LandLeague,Anti-Irish National Land League,,,,,,,,,,,
http://sparql.cwrc.ca/ontologies/cwrc#PoliticalAffiliation,http://sparql.cwrc.ca/ontologies/cwrc#patriotism,patriotism,patriotic,patriotism,patriot,,,,,,,,
http://sparql.cwrc.ca/ontologies/cwrc#PoliticalAffiliation,http://sparql.cwrc.ca/ontologies/cwrc#urbanReform,urban reform,urban reformer,,,,,,,,,,
http://sparql.cwrc.ca/ontologies/cwrc#PoliticalAffiliation,http://sparql.cwrc.ca/ontologies/cwrc#bonapartism,Bonapartism,pro-bonapartist,,,,,,,,,,
http://sparql.cwrc.ca/ontologies/cwrc#PoliticalAffiliation,http://sparql.cwrc.ca/ontologies/cwrc#vegetarianism,vegetarianism,vegetarian,,,,,,,,,,
http://sparql.cwrc.ca/ontologies/cwrc#PoliticalAffiliation,http://sparql.cwrc.ca/ontologies/cwrc#irishHomeRuleMovement,Irish Home Rule Movement,irish home ruler,home ruler,home ruler (ireland),,,,,,,,
http://sparql.cwrc.ca/ontologies/cwrc#PoliticalAffiliation,http://sparql.cwrc.ca/ontologies/cwrc#socialism,socialism,owenite socialism,socialist,socialist and feminist,socialist feminist,militant socialist,,,,,,
http://sparql.cwrc.ca/ontologies/cwrc#PoliticalAffiliation,http://sparql.cwrc.ca/ontologies/cwrc#indianIndependence,Indian independence movement,pro-independence (indian),indian nationalist,,,,,,,,,
http://sparql.cwrc.ca/ontologies/cwrc#PoliticalAffiliation,http://sparql.cwrc.ca/ontologies/cwrc#sexualReform,sexual reform,sexual reformer,sexual libertarian,sex-trade reformer,sex-trade activist,sexual liberationist,,,,,,
http://sparql.cwrc.ca/ontologies/cwrc#PoliticalAffiliation,http://sparql.cwrc.ca/ontologies/cwrc#radicalism,radicalism,radical,,,,,,,,,,
http://sparql.cwrc.ca/ontologies/cwrc#PoliticalAffiliation,http://sparql.cwrc.ca/ontologies/cwrc#germanNationalism,German nationalism,,,,,,,,,,,
http://sparql.cwrc.ca/ontologies/cwrc#PoliticalAffiliation,http://sparql.cwrc.ca/ontologies/cwrc#italianNationalism,Italian nationalism,mazzinian,italian risorgimento,italian nationalist,,,,,,,,
http://sparql.cwrc.ca/ontologies/cwrc#PoliticalAffiliation,http://sparql.cwrc.ca/ontologies/cwrc#whiggism,whiggism,whig,whigs,williamite,dissident whig,pittite whig,foxite whig,opposition whig,,,,
http://sparql.cwrc.ca/ontologies/cwrc#PoliticalAffiliation,http://sparql.cwrc.ca/ontologies/cwrc#feminism,feminism,proto-feminist,women's rights,activist for women and children,gender egalitarian,pro-family,salary reform,anti-sexist,health activist,equal rights,moderate feminist,feminist
http://sparql.cwrc.ca/ontologies/cwrc#PoliticalAffiliation,http://sparql.cwrc.ca/ontologies/cwrc#liberalUnionistParty,Liberal Unionist Party,liberal unionist,,,,,,,,,,
http://sparql.cwrc.ca/ontologies/cwrc#PoliticalAffiliation,http://sparql.cwrc.ca/ontologies/cwrc#dreyfusard,Dreyfusard,,,,,,,,,,,
http://sparql.cwrc.ca/ontologies/cwrc#PoliticalAffiliation,http://sparql.cwrc.ca/ontologies/cwrc#irishRepublicanism,Irish republicanism,anti-unionist,irish republic,irish resistance,irish republicanism,irish independence,irish republican,,,,,
http://sparql.cwrc.ca/ontologies/cwrc#PoliticalAffiliation,http://sparql.cwrc.ca/ontologies/cwrc#zionism,Zionism,zionist,,,,,,,,,,
http://sparql.cwrc.ca/ontologies/cwrc#PoliticalAffiliation,http://sparql.cwrc.ca/ontologies/cwrc#capitalism,capitalism,capitalist,capitalism,free market capitalism,,,,,,,,
http://sparql.cwrc.ca/ontologies/cwrc#PoliticalAffiliation,http://sparql.cwrc.ca/ontologies/cwrc#anti-Socialism,anti-socialism,anti-socialist,,,,,,,,,,
http://sparql.cwrc.ca/ontologies/cwrc#PoliticalAffiliation,http://sparql.cwrc.ca/ontologies/cwrc#anti-British,anti-British politics,,,,,,,,,,,
http://sparql.cwrc.ca/ontologies/cwrc#PoliticalAffiliation,http://sparql.cwrc.ca/ontologies/cwrc#housingMovement,housing movement,housing activism,housing charity,,,,,,,,,
http://sparql.cwrc.ca/ontologies/cwrc#PoliticalAffiliation,http://sparql.cwrc.ca/ontologies/cwrc#prisonReform,prison reform,prison reform,,,,,,,,,,
http://sparql.cwrc.ca/ontologies/cwrc#PoliticalAffiliation,http://sparql.cwrc.ca/ontologies/cwrc#anti-ContagiousDiseasesAct,anti-Contagious Diseases Act,"""against the Contagious Diseases Acts"" ",anti-contagious diseases act activist,anti-contagious diseases acts,,,,,,,,
http://sparql.cwrc.ca/ontologies/cwrc#PoliticalAffiliation,http://sparql.cwrc.ca/ontologies/cwrc#humanRights,human rights,humanitarian,human rights activist,,,,,,,,,
http://sparql.cwrc.ca/ontologies/cwrc#PoliticalAffiliation,http://sparql.cwrc.ca/ontologies/cwrc#anarchism,anarchism,anarchist,,,,,,,,,,
http://sparql.cwrc.ca/ontologies/cwrc#PoliticalAffiliation,http://sparql.cwrc.ca/ontologies/cwrc#anti-Imperialism,Anti-imperialism,anti-colonialist,anti-imperialist,anti-colonial,anti-colonialism,anti-imperial,,,,,,
http://sparql.cwrc.ca/ontologies/cwrc#PoliticalAffiliation,http://sparql.cwrc.ca/ontologies/cwrc#civilLibertarianism,civil libertarianism,civil libertarian,,,,,,,,,,
http://sparql.cwrc.ca/ontologies/cwrc#PoliticalAffiliation,http://sparql.cwrc.ca/ontologies/cwrc#sanitaryMovement,sanitary movement,,,,,,,,,,,
http://sparql.cwrc.ca/ontologies/cwrc#PoliticalAffiliation,http://sparql.cwrc.ca/ontologies/cwrc#multiracialism,multiracialism,multi-racialist,,,,,,,,,,
http://sparql.cwrc.ca/ontologies/cwrc#PoliticalAffiliation,http://sparql.cwrc.ca/ontologies/cwrc#pro-Slavery,pro-slavery,,,,,,,,,,,
http://sparql.cwrc.ca/ontologies/cwrc#PoliticalAffiliation,http://sparql.cwrc.ca/ontologies/cwrc#anti-Vaccination,anti-vaccination movement,movement against compulsory vaccination,,,,,,,,,,
http://sparql.cwrc.ca/ontologies/cwrc#PoliticalAffiliation,http://sparql.cwrc.ca/ontologies/cwrc#monarchism,monarchism,monarchist,royalist,,,,,,,,,
http://sparql.cwrc.ca/ontologies/cwrc#PoliticalAffiliation,http://sparql.cwrc.ca/ontologies/cwrc#suffrage,suffrage movement,suffragism,non-militant suffragist,female suffrage,suffrage,women's suffrage,suffragist,moderate suffragist,christian suffragist,,,
http://sparql.cwrc.ca/ontologies/cwrc#PoliticalAffiliation,http://sparql.cwrc.ca/ontologies/cwrc#racism,racism,racist,,,,,,,,,,
http://sparql.cwrc.ca/ontologies/cwrc#PoliticalAffiliation,http://sparql.cwrc.ca/ontologies/cwrc#labourMovement,labour movement,factory reformer,labour organizer,labour activism,labour advocate,labour activist,anti-sweated labour,labour feminist,women's labour activist,,,
http://sparql.cwrc.ca/ontologies/cwrc#GeographicHeritage,http://sparql.cwrc.ca/ontologies/cwrc#englishGeographicHeritage,England,,,,,,,,,,,
http://sparql.cwrc.ca/ontologies/cwrc#GeographicHeritage,http://sparql.cwrc.ca/ontologies/cwrc#jewishGeographicHeritage,Jewish,,,,,,,,,,,
http://sparql.cwrc.ca/ontologies/cwrc#SocialClass,http://sparql.cwrc.ca/ontologies/cwrc#managerial,managerial,MANAGERIAL,,,,,,,,,,
http://sparql.cwrc.ca/ontologies/cwrc#SocialClass,http://sparql.cwrc.ca/ontologies/cwrc#upper-middleClass,upper-middle class,,,,,,,,,,,
http://sparql.cwrc.ca/ontologies/cwrc#SocialClass,http://sparql.cwrc.ca/ontologies/cwrc#workingClass,working class,working classes,urban working class,working woman,rural working class parents,,,,,,,
http://sparql.cwrc.ca/ontologies/cwrc#SocialClass,http://sparql.cwrc.ca/ontologies/cwrc#indigent,indigent,INDIGENT,poverty,impoverished,,,,,,,,
http://sparql.cwrc.ca/ontologies/cwrc#SocialClass,http://sparql.cwrc.ca/ontologies/cwrc#servants,servant,SERVANTS,,,,,,,,,,
http://sparql.cwrc.ca/ontologies/cwrc#SocialClass,http://sparql.cwrc.ca/ontologies/cwrc#gentry,gentry,GENTRY,gentility,,,,,,,,,
http://sparql.cwrc.ca/ontologies/cwrc#SocialClass,http://sparql.cwrc.ca/ontologies/cwrc#professional,professional,PROFESSIONAL,professional class,professional classes,,,,,,,,
http://sparql.cwrc.ca/ontologies/cwrc#SocialClass,http://sparql.cwrc.ca/ontologies/cwrc#yeoman-farmer,yeoman farmer,YEOMAN-FARMER,,,,,,,,,,
http://sparql.cwrc.ca/ontologies/cwrc#SocialClass,http://sparql.cwrc.ca/ontologies/cwrc#rural-unskilled,rural unskilled,RURAL-UNSKILLED,,,,,,,,,,
http://sparql.cwrc.ca/ontologies/cwrc#SocialClass,http://sparql.cwrc.ca/ontologies/cwrc#entrepreneurial-industrialist,entrepreneurial,ENTREPRENEURIAL-INDUSTRIALIST,,,,,,,,,,
http://sparql.cwrc.ca/ontologies/cwrc#SocialClass,http://sparql.cwrc.ca/ontologies/cwrc#brahmin,Brahmin,,,,,,,,,,,
http://sparql.cwrc.ca/ontologies/cwrc#SocialClass,http://sparql.cwrc.ca/ontologies/cwrc#urban-industrialUnskilled,urban unskilled,URBAN-INDUSTRIALUNSKILLED,,,,,,,,,,
http://sparql.cwrc.ca/ontologies/cwrc#SocialClass,http://sparql.cwrc.ca/ontologies/cwrc#shopkeepers,shopkeepers,SHOPKEEPERS,,,,,,,,,,
http://sparql.cwrc.ca/ontologies/cwrc#SocialClass,http://sparql.cwrc.ca/ontologies/cwrc#bohemianism,Bohemianism,bohemian with upper-class connections,classlessness,"alternative society of young artists, dropouts, and nonconformists",,,,,,,,
http://sparql.cwrc.ca/ontologies/cwrc#SocialClass,http://sparql.cwrc.ca/ontologies/cwrc#skilledCraftpersonArtisan,artisan,SKILLEDCRAFTPERSON-ARTISAN,,,,,,,,,,
http://sparql.cwrc.ca/ontologies/cwrc#SocialClass,http://sparql.cwrc.ca/ontologies/cwrc#middleClass,middle class,middle,middle ranks,bourgeois,middling ranks,middle classes,middle-class,middling sort,,,,
http://sparql.cwrc.ca/ontologies/cwrc#SocialClass,http://sparql.cwrc.ca/ontologies/cwrc#slave-forced-labourer,slave or forced labourer,bonded labourer,slave,serfs,serf,,,,,,,
http://sparql.cwrc.ca/ontologies/cwrc#SocialClass,http://sparql.cwrc.ca/ontologies/cwrc#nobility,nobility,"royal, but not expected to become queen",royal descent,royalty,NOBILITY,royal,,,,,,
http://sparql.cwrc.ca/ontologies/cwrc#SocialClass,http://sparql.cwrc.ca/ontologies/cwrc#lowerMiddleClass,lower-middle class,LOWER-MIDDLECLASS,,,,,,,,,,
http://sparql.cwrc.ca/ontologies/cwrc#Religion,http://sparql.cwrc.ca/ontologies/cwrc#catholicism,Roman Catholicism,,,,,,,,,,,
http://sparql.cwrc.ca/ontologies/cwrc#Religion,http://sparql.cwrc.ca/ontologies/cwrc#christianity,Christianity,,,,,,,,,,,
http://sparql.cwrc.ca/ontologies/cwrc#Religion,http://sparql.cwrc.ca/ontologies/cwrc#islam,Islamism,,,,,,,,,,,
http://sparql.cwrc.ca/ontologies/cwrc#Religion,http://sparql.cwrc.ca/ontologies/cwrc#fifthMonarchists,Fifth Monarchists,,,,,,,,,,,
http://sparql.cwrc.ca/ontologies/cwrc#Religion,http://sparql.cwrc.ca/ontologies/cwrc#judaism,Judaism,,,,,,,,,,,
http://sparql.cwrc.ca/ontologies/cwrc#Religion,http://sparql.cwrc.ca/ontologies/cwrc#paganism,Paganism,,,,,,,,,,,
http://sparql.cwrc.ca/ontologies/cwrc#Religion,http://sparql.cwrc.ca/ontologies/cwrc#quakerism,Quakerism,,,,,,,,,,,
http://sparql.cwrc.ca/ontologies/cwrc#Religion,http://sparql.cwrc.ca/ontologies/cwrc#spiritualism,spiritualism,,,,,,,,,,,
http://sparql.cwrc.ca/ontologies/cwrc#Religion,http://sparql.cwrc.ca/ontologies/cwrc#lollardy,Lollardy,,,,,,,,,,,
http://sparql.cwrc.ca/ontologies/cwrc#Religion,http://sparql.cwrc.ca/ontologies/cwrc#baptistChristianity,Baptist Christianity,,,,,,,,,,,
http://sparql.cwrc.ca/ontologies/cwrc#Religion,http://sparql.cwrc.ca/ontologies/cwrc#presbyterianism,Presbyterianism,,,,,,,,,,,
http://sparql.cwrc.ca/ontologies/cwrc#Religion,http://sparql.cwrc.ca/ontologies/cwrc#plymouthBrethren,Plymouth Brethren,,,,,,,,,,,
http://sparql.cwrc.ca/ontologies/cwrc#Religion,http://sparql.cwrc.ca/ontologies/cwrc#churchOfIreland,Church of Ireland,,,,,,,,,,,
http://sparql.cwrc.ca/ontologies/cwrc#Religion,http://sparql.cwrc.ca/ontologies/cwrc#abrahamicReligions,Abrahamic religions,,,,,,,,,,,
http://sparql.cwrc.ca/ontologies/cwrc#Religion,http://sparql.cwrc.ca/ontologies/cwrc#hinduism,Hinduism,,,,,,,,,,,
http://sparql.cwrc.ca/ontologies/cwrc#Religion,http://sparql.cwrc.ca/ontologies/cwrc#unitarianism,Unitarianism,Unitarian,Unitarian Movement,unitarianMovement,Unitarian Church,,,,,,,
http://sparql.cwrc.ca/ontologies/cwrc#Religion,http://sparql.cwrc.ca/ontologies/cwrc#neo-thomism,Neo-thomism,,,,,,,,,,,
http://sparql.cwrc.ca/ontologies/cwrc#Religion,http://sparql.cwrc.ca/ontologies/cwrc#atheism,atheism,,,,,,,,,,,
http://sparql.cwrc.ca/ontologies/cwrc#Religion,http://sparql.cwrc.ca/ontologies/cwrc#buddhism,Buddhism,Buddhist,,,,,,,,,,
http://sparql.cwrc.ca/ontologies/cwrc#Religion,http://sparql.cwrc.ca/ontologies/cwrc#millenarianism,millenarianism,,,,,,,,,,,
http://sparql.cwrc.ca/ontologies/cwrc#Religion,http://sparql.cwrc.ca/ontologies/cwrc#pantheism,pantheism,,,,,,,,,,,
http://sparql.cwrc.ca/ontologies/cwrc#Religion,http://sparql.cwrc.ca/ontologies/cwrc#dissentProtestant,Dissent (Protestant),,,,,,,,,,,
http://sparql.cwrc.ca/ontologies/cwrc#Religion,http://sparql.cwrc.ca/ontologies/cwrc#congregationalism,Congregationalism,,,,,,,,,,,
http://sparql.cwrc.ca/ontologies/cwrc#Religion,http://sparql.cwrc.ca/ontologies/cwrc#christianScience,Christian Science,,,,,,,,,,,
http://sparql.cwrc.ca/ontologies/cwrc#Religion,http://sparql.cwrc.ca/ontologies/cwrc#protestantism,Protestantism,,,,,,,,,,,
http://sparql.cwrc.ca/ontologies/cwrc#Religion,http://sparql.cwrc.ca/ontologies/cwrc#anglicanism,Anglicanism,,,,,,,,,,,
http://sparql.cwrc.ca/ontologies/cwrc#Religion,http://sparql.cwrc.ca/ontologies/cwrc#methodism,Methodism,,,,,,,,,,,
http://sparql.cwrc.ca/ontologies/cwrc#Religion,http://sparql.cwrc.ca/ontologies/cwrc#tractarianMovement,Tractarian Movement,,,,,,,,,,,
http://sparql.cwrc.ca/ontologies/cwrc#Religion,http://sparql.cwrc.ca/ontologies/cwrc#agnosticism,agnosticism,,,,,,,,,,,
http://sparql.cwrc.ca/ontologies/cwrc#Religion,http://sparql.cwrc.ca/ontologies/cwrc#occultism,occultism/theosophism,,,,,,,,,,,
http://sparql.cwrc.ca/ontologies/cwrc#NationalIdentity,http://sparql.cwrc.ca/ontologies/cwrc#statelessNationalIdentity,stateless,,,,,,,,,,,
http://sparql.cwrc.ca/ontologies/cwrc#NationalIdentity,http://sparql.cwrc.ca/ontologies/cwrc#mohawkNationalIdentity,Mohawk,,,,,,,,,,,
http://sparql.cwrc.ca/ontologies/cwrc#NationalIdentity,http://sparql.cwrc.ca/ontologies/cwrc#jewishNationalIdentity,Jewish,,,,,,,,,,,
http://sparql.cwrc.ca/ontologies/cwrc#Gender,http://sparql.cwrc.ca/ontologies/cwrc#man,man,MALE,,,,,,,,,,
http://sparql.cwrc.ca/ontologies/cwrc#Gender,http://sparql.cwrc.ca/ontologies/cwrc#GenderQueer,genderqueer,,,,,,,,,,,
http://sparql.cwrc.ca/ontologies/cwrc#Gender,http://sparql.cwrc.ca/ontologies/cwrc#undefinedGender,undefined,UNDEFINED,,,,,,,,,,
http://sparql.cwrc.ca/ontologies/cwrc#Gender,http://sparql.cwrc.ca/ontologies/cwrc#cisGender,cisgender,,,,,,,,,,,
http://sparql.cwrc.ca/ontologies/cwrc#Gender,http://sparql.cwrc.ca/ontologies/cwrc#woman,woman,FEMALE,,,,,,,,,,
http://sparql.cwrc.ca/ontologies/cwrc#Gender,http://sparql.cwrc.ca/ontologies/cwrc#transMan,transman/transmale,TRANSGENDERED FEMALE TO MALE,,,,,,,,,,
http://sparql.cwrc.ca/ontologies/cwrc#Gender,http://sparql.cwrc.ca/ontologies/cwrc#transGender,transgender,TRANSGENDERED,,,,,,,,,,
http://sparql.cwrc.ca/ontologies/cwrc#Gender,http://sparql.cwrc.ca/ontologies/cwrc#Androgynous,androgynous,,,,,,,,,,,
http://sparql.cwrc.ca/ontologies/cwrc#Gender,http://sparql.cwrc.ca/ontologies/cwrc#cisMan,cisman,,,,,,,,,,,
http://sparql.cwrc.ca/ontologies/cwrc#Gender,http://sparql.cwrc.ca/ontologies/cwrc#cisWoman,ciswoman,,,,,,,,,,,
http://sparql.cwrc.ca/ontologies/cwrc#Gender,http://sparql.cwrc.ca/ontologies/cwrc#transWoman,transwoman/transfemale,TRANSGENDERED MALE TO FEMALE,,,,,,,,,,
http://sparql.cwrc.ca/ontologies/cwrc#RaceColour,http://sparql.cwrc.ca/ontologies/cwrc#whiteRaceColour,white,presumably white,,,,,,,,,,
http://sparql.cwrc.ca/ontologies/cwrc#RaceColour,http://sparql.cwrc.ca/ontologies/cwrc#eurasianRaceColour,eurasian,,,,,,,,,,,
http://sparql.cwrc.ca/ontologies/cwrc#RaceColour,http://sparql.cwrc.ca/ontologies/cwrc#mixedRaceColour,mixed-race,"mixed white and black (or, in her own word, colored)",mixed-blood,red mulatto,mixed-race,coloured (mixed-race),mixed,racially mixed,,,,
http://sparql.cwrc.ca/ontologies/cwrc#RaceColour,http://sparql.cwrc.ca/ontologies/cwrc#creoleRaceColour,Creole,,,,,,,,,,,
http://sparql.cwrc.ca/ontologies/cwrc#RaceColour,http://sparql.cwrc.ca/ontologies/cwrc#asianRaceColour,Asian,,,,,,,,,,,
http://sparql.cwrc.ca/ontologies/cwrc#RaceColour,http://sparql.cwrc.ca/ontologies/cwrc#blackRaceColour,black,blackwoman,,,,,,,,,,
http://sparql.cwrc.ca/ontologies/cwrc#Sexuality,http://sparql.cwrc.ca/ontologies/cwrc#sexualityPromiscuity,promiscuity,PROMISCUOUS,,,,,,,,,,
http://sparql.cwrc.ca/ontologies/cwrc#Sexuality,http://sparql.cwrc.ca/ontologies/cwrc#homosexual,homosexuality,HOMOSEXUAL,HOMOSEXUALITY,MALE HOMOSEXUAL,,,,,,,,
http://sparql.cwrc.ca/ontologies/cwrc#Sexuality,http://sparql.cwrc.ca/ontologies/cwrc#sexualityCelibacy,celibacy,CELIBATE,,,,,,,,,,
http://sparql.cwrc.ca/ontologies/cwrc#Sexuality,http://sparql.cwrc.ca/ontologies/cwrc#sexualityLibertinism,libertinism,LIBERTINISM,,,,,,,,,,
http://sparql.cwrc.ca/ontologies/cwrc#Sexuality,http://sparql.cwrc.ca/ontologies/cwrc#heterosexual,heterosexuality,HETEROSEXUALITY,HETEROSEXUAL,,,,,,,,,
http://sparql.cwrc.ca/ontologies/cwrc#Sexuality,http://sparql.cwrc.ca/ontologies/cwrc#sexualityBisexuality,bisexuality,BISEXUAL,BISEXUALITY,,,,,,,,,
http://sparql.cwrc.ca/ontologies/cwrc#Sexuality,http://sparql.cwrc.ca/ontologies/cwrc#sexualityFrigidity,frigidity,FRIGID,,,,,,,,,,
http://sparql.cwrc.ca/ontologies/cwrc#Sexuality,http://sparql.cwrc.ca/ontologies/cwrc#lesbian,lesbianism,LESBIANISM,LESBIAN,,,,,,,,,
http://sparql.cwrc.ca/ontologies/cwrc#Ethnicity,http://sparql.cwrc.ca/ontologies/cwrc#whiteEthnicity,white,,,,,,,,,,,
http://sparql.cwrc.ca/ontologies/cwrc#Ethnicity,http://sparql.cwrc.ca/ontologies/cwrc#irishEthnicity,Irish,irish ancestry,,,,,,,,,,
http://sparql.cwrc.ca/ontologies/cwrc#Ethnicity,http://sparql.cwrc.ca/ontologies/cwrc#igboEthnicity,Igbo,,,,,,,,,,,
http://sparql.cwrc.ca/ontologies/cwrc#Ethnicity,http://sparql.cwrc.ca/ontologies/cwrc#romaniEthnicity,Romani,gypsy,Roma,gypsies,gipsy,,,,,,,
http://sparql.cwrc.ca/ontologies/cwrc#Ethnicity,http://sparql.cwrc.ca/ontologies/cwrc#westIndianEthnicity,West Indian,,,,,,,,,,,
http://sparql.cwrc.ca/ontologies/cwrc#Ethnicity,http://sparql.cwrc.ca/ontologies/cwrc#bengaliEthnicity,Bengali,,,,,,,,,,,
http://sparql.cwrc.ca/ontologies/cwrc#Ethnicity,http://sparql.cwrc.ca/ontologies/cwrc#anglo-normanEthnicity,Anglo-Norman,,,,,,,,,,,
http://sparql.cwrc.ca/ontologies/cwrc#Ethnicity,http://sparql.cwrc.ca/ontologies/cwrc#africanEthnicity,African,black African descent,,,,,,,,,,
http://sparql.cwrc.ca/ontologies/cwrc#Ethnicity,http://sparql.cwrc.ca/ontologies/cwrc#sephardicJewishEthnicity,Sephardic Jewish,,,,,,,,,,,
http://sparql.cwrc.ca/ontologies/cwrc#Ethnicity,http://sparql.cwrc.ca/ontologies/cwrc#chineseEthnicity,Chinese,,,,,,,,,,,
http://sparql.cwrc.ca/ontologies/cwrc#Ethnicity,http://sparql.cwrc.ca/ontologies/cwrc#europeanEthnicity,European,,,,,,,,,,,
http://sparql.cwrc.ca/ontologies/cwrc#Ethnicity,http://sparql.cwrc.ca/ontologies/cwrc#anglo-irishEthnicity,Anglo-Irish,,,,,,,,,,,
http://sparql.cwrc.ca/ontologies/cwrc#Ethnicity,http://sparql.cwrc.ca/ontologies/cwrc#jamaicanEthnicity,Jamaican,,,,,,,,,,,
http://sparql.cwrc.ca/ontologies/cwrc#Ethnicity,http://sparql.cwrc.ca/ontologies/cwrc#englishEthnicity,English,,,,,,,,,,,
http://sparql.cwrc.ca/ontologies/cwrc#Ethnicity,http://sparql.cwrc.ca/ontologies/cwrc#wendishEthnicity,Wendish,Wends or Sorbs,,,,,,,,,,
http://sparql.cwrc.ca/ontologies/cwrc#Ethnicity,http://sparql.cwrc.ca/ontologies/cwrc#ashkenaziJewishEthnicity,Ashkenazi Jewish,"Ashkenazim, or German Jewish",Ashkenazim,,,,,,,,,
http://sparql.cwrc.ca/ontologies/cwrc#Ethnicity,http://sparql.cwrc.ca/ontologies/cwrc#punjabiEthnicity,Punjabi,,,,,,,,,,,
http://sparql.cwrc.ca/ontologies/cwrc#Ethnicity,http://sparql.cwrc.ca/ontologies/cwrc#jewishEthnicity,Jewish,Jewry,one-quarter Jewish,a Jewish,Jewish,Judaism,Jew,Jews,,,,
http://sparql.cwrc.ca/ontologies/cwrc#Ethnicity,http://sparql.cwrc.ca/ontologies/cwrc#slavEthnicity,Slav,,,,,,,,,,,
http://sparql.cwrc.ca/ontologies/cwrc#Ethnicity,http://sparql.cwrc.ca/ontologies/cwrc#creoleEthnicity,Creole,,,,,,,,,,,
http://sparql.cwrc.ca/ontologies/cwrc#Ethnicity,http://sparql.cwrc.ca/ontologies/cwrc#parsiEthnicity,Parsi,,,,,,,,,,,
http://sparql.cwrc.ca/ontologies/cwrc#Ethnicity,http://sparql.cwrc.ca/ontologies/cwrc#african-americanEthnicity,African-American,African-Americans,,,,,,,,,,
http://sparql.cwrc.ca/ontologies/cwrc#Ethnicity,http://sparql.cwrc.ca/ontologies/cwrc#arabEthnicity,Arab,,,,,,,,,,,
http://sparql.cwrc.ca/ontologies/cwrc#Ethnicity,http://sparql.cwrc.ca/ontologies/cwrc#thracianEthnicity,Thracian,Thracians,,,,,,,,,,
http://sparql.cwrc.ca/ontologies/cwrc#Ethnicity,http://sparql.cwrc.ca/ontologies/cwrc#blackEthnicity,black,,,,,,,,,,,
http://sparql.cwrc.ca/ontologies/cwrc#Ethnicity,http://sparql.cwrc.ca/ontologies/cwrc#celticEthnicity,Celtic,Highland (that is Celtic),Highland,,,,,,,,,
http://sparql.cwrc.ca/ontologies/cwrc#PoliticalAffiliation,http://sparql.cwrc.ca/ontologies/cwrc#pro-Catholicism,pro-Catholicism,non-compounder,roman catholic,catholic,,,,,,,,
http://sparql.cwrc.ca/ontologies/cwrc#PoliticalAffiliation,http://sparql.cwrc.ca/ontologies/cwrc#disestablishmentarianism,disestablishmentarianism,anti-anglican,anti-episcopalian,anti-episcopal,anti-tithes,,,,,,,
http://sparql.cwrc.ca/ontologies/cwrc#PoliticalAffiliation,http://sparql.cwrc.ca/ontologies/cwrc#environmentalism,environmentalism,nature conservationist,environmentalist,ecologist,,,,,,,,
http://sparql.cwrc.ca/ontologies/cwrc#PoliticalAffiliation,http://sparql.cwrc.ca/ontologies/cwrc#anti-Communism,anti-communism,anti-communist,,,,,,,,,,
http://sparql.cwrc.ca/ontologies/cwrc#PoliticalAffiliation,http://sparql.cwrc.ca/ontologies/cwrc#libertarianism,Libertarianism,libertarian,religious libertarian,,,,,,,,,
http://sparql.cwrc.ca/ontologies/cwrc#PoliticalAffiliation,http://sparql.cwrc.ca/ontologies/cwrc#individualism,individualism,individualist,,,,,,,,,,
http://sparql.cwrc.ca/ontologies/cwrc#PoliticalAffiliation,http://sparql.cwrc.ca/ontologies/cwrc#anti-European,anti-European politics,,,,,,,,,,,
http://sparql.cwrc.ca/ontologies/cwrc#PoliticalAffiliation,http://sparql.cwrc.ca/ontologies/cwrc#guelphPartyFlorence,Guelph party (Florence),,,,,,,,,,,
http://sparql.cwrc.ca/ontologies/cwrc#PoliticalAffiliation,http://sparql.cwrc.ca/ontologies/cwrc#boulangism,boulangism,boulangist,,,,,,,,,,
http://sparql.cwrc.ca/ontologies/cwrc#PoliticalAffiliation,http://sparql.cwrc.ca/ontologies/cwrc#girondin,Girondin,,,,,,,,,,,
http://sparql.cwrc.ca/ontologies/cwrc#PoliticalAffiliation,http://sparql.cwrc.ca/ontologies/cwrc#anti-Bolshevism,anti-Bolshevism,anti-bolshevik,,,,,,,,,,
http://sparql.cwrc.ca/ontologies/cwrc#PoliticalAffiliation,http://sparql.cwrc.ca/ontologies/cwrc#anti-Capitalism,anti-capitalism,anti-capitalist,,,,,,,,,,
http://sparql.cwrc.ca/ontologies/cwrc#PoliticalAffiliation,http://sparql.cwrc.ca/ontologies/cwrc#communism,communism,christian communist,communist,,,,,,,,,
http://sparql.cwrc.ca/ontologies/cwrc#PoliticalAffiliation,http://sparql.cwrc.ca/ontologies/cwrc#conservatism,conservatism,conservative,,,,,,,,,,
http://sparql.cwrc.ca/ontologies/cwrc#PoliticalAffiliation,http://sparql.cwrc.ca/ontologies/cwrc#artsAdvocacy,arts advocacy,advocate for the arts,artists' advocate,,,,,,,,,
http://sparql.cwrc.ca/ontologies/cwrc#PoliticalAffiliation,http://sparql.cwrc.ca/ontologies/cwrc#republicanism,republicanism,,,,,,,,,,,
http://sparql.cwrc.ca/ontologies/cwrc#PoliticalAffiliation,http://sparql.cwrc.ca/ontologies/cwrc#greekNationalist,Greek nationalism,,,,,,,,,,,
http://sparql.cwrc.ca/ontologies/cwrc#PoliticalAffiliation,http://sparql.cwrc.ca/ontologies/cwrc#anti-Zionism,anti-Zionism,anti-israel,anti-zionist,,,,,,,,,
http://sparql.cwrc.ca/ontologies/cwrc#PoliticalAffiliation,http://sparql.cwrc.ca/ontologies/cwrc#birthControlActivism,birth control activism,contraceptionist,pro birth control,birth control activist,birth control campaigner,pro-birth control,birth-control activist,pro-contraception,,,,
http://sparql.cwrc.ca/ontologies/cwrc#PoliticalAffiliation,http://sparql.cwrc.ca/ontologies/cwrc#covenanters,Covenanters,,,,,,,,,,,
http://sparql.cwrc.ca/ontologies/cwrc#PoliticalAffiliation,http://sparql.cwrc.ca/ontologies/cwrc#marriageLawReform,marriage law reform,divorce reformer,custody rights,divorce reform activist,marriage law reformer,marriage reformer,maternal wage activist,married women's property supporter,,,,
http://sparql.cwrc.ca/ontologies/cwrc#PoliticalAffiliation,http://sparql.cwrc.ca/ontologies/cwrc#marxism,Marxism,marxist,,,,,,,,,,
http://sparql.cwrc.ca/ontologies/cwrc#PoliticalAffiliation,http://sparql.cwrc.ca/ontologies/cwrc#stalinism,Stalinism,stalinist,totalitarian,,,,,,,,,
http://sparql.cwrc.ca/ontologies/cwrc#PoliticalAffiliation,http://sparql.cwrc.ca/ontologies/cwrc#anti-Antisemitism,anti-antisemitism,anti-anti-semitism,anti-antisemitic,anti-antisemitist,,,,,,,,
http://sparql.cwrc.ca/ontologies/cwrc#PoliticalAffiliation,http://sparql.cwrc.ca/ontologies/cwrc#americanNationalism,American nationalism,american nationalist,us patriotism,(us) nationalist,us nationalist,,,,,,,
http://sparql.cwrc.ca/ontologies/cwrc#PoliticalAffiliation,http://sparql.cwrc.ca/ontologies/cwrc#egalitarianism,egalitarianism,egalitarian,,,,,,,,,,
http://sparql.cwrc.ca/ontologies/cwrc#PoliticalAffiliation,http://sparql.cwrc.ca/ontologies/cwrc#christianPacifism,Christian pacifism,christian pacifist,,,,,,,,,,
http://sparql.cwrc.ca/ontologies/cwrc#PoliticalAffiliation,http://sparql.cwrc.ca/ontologies/cwrc#anti-War,anti-war movement,anti-war,anti-militarism,anti-war activism,anti-militaristic,anti Vietnam war,vietnam war protester,,,,,
http://sparql.cwrc.ca/ontologies/cwrc#PoliticalAffiliation,http://sparql.cwrc.ca/ontologies/cwrc#jacobitism,Jacobitism,jacobite,,,,,,,,,,
http://sparql.cwrc.ca/ontologies/cwrc#PoliticalAffiliation,http://sparql.cwrc.ca/ontologies/cwrc#anti-Pacifism,anti-pacifism,conscriptionist,war supporter,anti-appeasement,,,,,,,,
http://sparql.cwrc.ca/ontologies/cwrc#PoliticalAffiliation,http://sparql.cwrc.ca/ontologies/cwrc#pro-American,pro-American,,,,,,,,,,,
http://sparql.cwrc.ca/ontologies/cwrc#PoliticalAffiliation,http://sparql.cwrc.ca/ontologies/cwrc#nihilism,nihilism,nihilist,,,,,,,,,,
http://sparql.cwrc.ca/ontologies/cwrc#PoliticalAffiliation,http://sparql.cwrc.ca/ontologies/cwrc#feministPacifism,feminist pacifism,,,,,,,,,,,
http://sparql.cwrc.ca/ontologies/cwrc#PoliticalAffiliation,http://sparql.cwrc.ca/ontologies/cwrc#scottishNationalism,Scottish nationalism,scots nationalist,scottish nationalist,,,,,,,,,
http://sparql.cwrc.ca/ontologies/cwrc#PoliticalAffiliation,http://sparql.cwrc.ca/ontologies/cwrc#nazism,Nazism,nazi,pro-nazi,,,,,,,,,
http://sparql.cwrc.ca/ontologies/cwrc#PoliticalAffiliation,http://sparql.cwrc.ca/ontologies/cwrc#pro-European,pro-European,,,,,,,,,,,
http://sparql.cwrc.ca/ontologies/cwrc#PoliticalAffiliation,http://sparql.cwrc.ca/ontologies/cwrc#parliamentarianism,parliamentarianism,parliamentarianism,parliamentarian,pro-parliamentarian,,,,,,,,
http://sparql.cwrc.ca/ontologies/cwrc#PoliticalAffiliation,http://sparql.cwrc.ca/ontologies/cwrc#parliamentaryReform,parliamentary reform,parliamentary reformer,pro-reform,,,,,,,,,
http://sparql.cwrc.ca/ontologies/cwrc#PoliticalAffiliation,http://sparql.cwrc.ca/ontologies/cwrc#jacobinism,Jacobinism,jacobin,,,,,,,,,,
http://sparql.cwrc.ca/ontologies/cwrc#PoliticalAffiliation,http://sparql.cwrc.ca/ontologies/cwrc#internationalism,internationalism,internationalist,,,,,,,,,,
http://sparql.cwrc.ca/ontologies/cwrc#PoliticalAffiliation,http://sparql.cwrc.ca/ontologies/cwrc#imperialism,imperialism,commonwealth supporter,colonialist,imperialist,,,,,,,,
http://sparql.cwrc.ca/ontologies/cwrc#PoliticalAffiliation,http://sparql.cwrc.ca/ontologies/cwrc#anti-Feminism,anti-feminism,misogynist,antifeminist,anti-women's liberation,anti-feminist,non-feminist,gender conservative,,,,,
http://sparql.cwrc.ca/ontologies/cwrc#PoliticalAffiliation,http://sparql.cwrc.ca/ontologies/cwrc#abolitionism,abolitionism,anti-slavery,abolitionist,sugar boycotter,integrationism,abolition,,,,,,
http://sparql.cwrc.ca/ontologies/cwrc#PoliticalAffiliation,http://sparql.cwrc.ca/ontologies/cwrc#anti-Urbanism,anti-urbanism,pro-countryside,,,,,,,,,,
http://sparql.cwrc.ca/ontologies/cwrc#PoliticalAffiliation,http://sparql.cwrc.ca/ontologies/cwrc#anti-CapitalPunishment,anti-capital punishment,opponent of capital punishment,anti-capital-punishment,,,,,,,,,
http://sparql.cwrc.ca/ontologies/cwrc#PoliticalAffiliation,http://sparql.cwrc.ca/ontologies/cwrc#anti-Globalism,anti-globalism,anti-globalist,,,,,,,,,,
http://sparql.cwrc.ca/ontologies/cwrc#PoliticalAffiliation,http://sparql.cwrc.ca/ontologies/cwrc#anti-Dreyfusard,anti-Dreyfusard,,,,,,,,,,,
http://sparql.cwrc.ca/ontologies/cwrc#PoliticalAffiliation,http://sparql.cwrc.ca/ontologies/cwrc#pacifism,pacifism,pacifist supporter,peace movement,pacifist,,,,,,,,
http://sparql.cwrc.ca/ontologies/cwrc#PoliticalAffiliation,http://sparql.cwrc.ca/ontologies/cwrc#frenchNationalism,French nationalism,,,,,,,,,,,
http://sparql.cwrc.ca/ontologies/cwrc#PoliticalAffiliation,http://sparql.cwrc.ca/ontologies/cwrc#anti-Federalism,Anti-Federalism,anti-federalist,,,,,,,,,,
http://sparql.cwrc.ca/ontologies/cwrc#PoliticalAffiliation,http://sparql.cwrc.ca/ontologies/cwrc#bolshevism,Bolshevism,pro-bolshevik,Bolshevist,,,,,,,,,
http://sparql.cwrc.ca/ontologies/cwrc#PoliticalAffiliation,http://sparql.cwrc.ca/ontologies/cwrc#polishNationalism,Polish nationalism,Polish nationalism,polish nationalist,,,,,,,,,
http://sparql.cwrc.ca/ontologies/cwrc#PoliticalAffiliation,http://sparql.cwrc.ca/ontologies/cwrc#dressReform,dress reform,dress reformer,,,,,,,,,,
http://sparql.cwrc.ca/ontologies/cwrc#PoliticalAffiliation,http://sparql.cwrc.ca/ontologies/cwrc#jewishEmancipation,Jewish emancipation,,,,,,,,,,,
http://sparql.cwrc.ca/ontologies/cwrc#PoliticalAffiliation,http://sparql.cwrc.ca/ontologies/cwrc#womanism,womanism,womanist,,,,,,,,,,
http://sparql.cwrc.ca/ontologies/cwrc#PoliticalAffiliation,http://sparql.cwrc.ca/ontologies/cwrc#co-operativeMovement,co-operative movement,,,,,,,,,,,
http://sparql.cwrc.ca/ontologies/cwrc#PoliticalAffiliation,http://sparql.cwrc.ca/ontologies/cwrc#animalWelfareAdvocacy,animal welfare advocacy,anti-cruelty,animal welfare activist,anti-hunting,animal activist,animal rights advocate,animal rights,anti-cruelty to animals,anti-blood-sports,,,
http://sparql.cwrc.ca/ontologies/cwrc#PoliticalAffiliation,http://sparql.cwrc.ca/ontologies/cwrc#anti-American,anti-American politics,,,,,,,,,,,
http://sparql.cwrc.ca/ontologies/cwrc#PoliticalAffiliation,http://sparql.cwrc.ca/ontologies/cwrc#maoism,Maoism,chinese communism,,,,,,,,,,
http://sparql.cwrc.ca/ontologies/cwrc#PoliticalAffiliation,http://sparql.cwrc.ca/ontologies/cwrc#elderRights,elder rights,elder care activist,,,,,,,,,,
http://sparql.cwrc.ca/ontologies/cwrc#PoliticalAffiliation,http://sparql.cwrc.ca/ontologies/cwrc#rationalism,rationalism,rationalist,,,,,,,,,,
http://sparql.cwrc.ca/ontologies/cwrc#PoliticalAffiliation,http://sparql.cwrc.ca/ontologies/cwrc#nationalism,nationalism,,,,,,,,,,,
http://sparql.cwrc.ca/ontologies/cwrc#PoliticalAffiliation,http://sparql.cwrc.ca/ontologies/cwrc#wilkite,Wilkite,,,,,,,,,,,
http://sparql.cwrc.ca/ontologies/cwrc#PoliticalAffiliation,http://sparql.cwrc.ca/ontologies/cwrc#propertyLawReform,property law reform,land reform,land reformer,property reform,illegitimacy reformer,,,,,,,
http://sparql.cwrc.ca/ontologies/cwrc#PoliticalAffiliation,http://sparql.cwrc.ca/ontologies/cwrc#revolutionaryPolitics,revolutionary,pro-revolutionary,,,,,,,,,,
http://sparql.cwrc.ca/ontologies/cwrc#PoliticalAffiliation,http://sparql.cwrc.ca/ontologies/cwrc#civilRights,civil rights movement,personal rights advocate,civil rights,pro civil rights,civil rights activist,,,,,,,
http://sparql.cwrc.ca/ontologies/cwrc#PoliticalAffiliation,http://sparql.cwrc.ca/ontologies/cwrc#anti-Catholicism,anti-catholicism,anti-catholic-emancipation,anti-catholic,,,,,,,,,
http://sparql.cwrc.ca/ontologies/cwrc#PoliticalAffiliation,http://sparql.cwrc.ca/ontologies/cwrc#irishUnionism,Irish unionism,unionist,anti-irish,anti-home ruler,anti-home rule,anti-irish nationalist,,,,,,
http://sparql.cwrc.ca/ontologies/cwrc#PoliticalAffiliation,http://sparql.cwrc.ca/ontologies/cwrc#anti-Fascism,anti-fascism,anti-fascist,anti-nazi,,,,,,,,,
http://sparql.cwrc.ca/ontologies/cwrc#PoliticalAffiliation,http://sparql.cwrc.ca/ontologies/cwrc#socialPurity,social purity,purity movement,,,,,,,,,,
http://sparql.cwrc.ca/ontologies/cwrc#PoliticalAffiliation,http://sparql.cwrc.ca/ontologies/cwrc#left-Wing,left-wing,leftist,anti-conservative,,,,,,,,,
http://sparql.cwrc.ca/ontologies/cwrc#PoliticalAffiliation,http://sparql.cwrc.ca/ontologies/cwrc#constitutionalism,constitutionalism,constitutionalist,constitutional feminist,,,,,,,,,
http://sparql.cwrc.ca/ontologies/cwrc#PoliticalAffiliation,http://sparql.cwrc.ca/ontologies/cwrc#anti-Boer,anti-Boer politics,,,,,,,,,,,
http://sparql.cwrc.ca/ontologies/cwrc#PoliticalAffiliation,http://sparql.cwrc.ca/ontologies/cwrc#irishNationalism,Irish nationalism,irish patriotism,parnellite,irish nationalist,cultural nationalist,,,,,,,
http://sparql.cwrc.ca/ontologies/cwrc#PoliticalAffiliation,http://sparql.cwrc.ca/ontologies/cwrc#feministInternationalism,feminist internationalism,,,,,,,,,,,
http://sparql.cwrc.ca/ontologies/cwrc#PoliticalAffiliation,http://sparql.cwrc.ca/ontologies/cwrc#anti-Censorship,anti-censorship movement,intellectual property activist,Freedom of Speech,anti-censorship,pro free speech,pro-free speech,free speech advocate,,,,,
http://sparql.cwrc.ca/ontologies/cwrc#PoliticalAffiliation,http://sparql.cwrc.ca/ontologies/cwrc#christianSocialism,Christian socialism,christian socialist,,,,,,,,,,
http://sparql.cwrc.ca/ontologies/cwrc#PoliticalAffiliation,http://sparql.cwrc.ca/ontologies/cwrc#womensEducationReform,women's education reform,female education,campaigner for women's education,women's medical education,activist for women's education,women's higher education,women's education reformer,female education advocate,,,,
http://sparql.cwrc.ca/ontologies/cwrc#PoliticalAffiliation,http://sparql.cwrc.ca/ontologies/cwrc#anti-CorporalPunishment,anti-corporal punishment,,,,,,,,,,,
http://sparql.cwrc.ca/ontologies/cwrc#PoliticalAffiliation,http://sparql.cwrc.ca/ontologies/cwrc#secularism,secularism,secularist,,,,,,,,,,
http://sparql.cwrc.ca/ontologies/cwrc#PoliticalAffiliation,http://sparql.cwrc.ca/ontologies/cwrc#toryPartyBritain,Tory Party (Britain),tory,,,,,,,,,,
http://sparql.cwrc.ca/ontologies/cwrc#PoliticalAffiliation,http://sparql.cwrc.ca/ontologies/cwrc#fascism,fascism,fascist party,fascist,pro-fascist,,,,,,,,
http://sparql.cwrc.ca/ontologies/cwrc#PoliticalAffiliation,http://sparql.cwrc.ca/ontologies/cwrc#anti-Monarchism,anti-monarchism,anti-monarchist,,,,,,,,,,
http://sparql.cwrc.ca/ontologies/cwrc#PoliticalAffiliation,http://sparql.cwrc.ca/ontologies/cwrc#conscientiousObjection,conscientious objection,,,,,,,,,,,
http://sparql.cwrc.ca/ontologies/cwrc#PoliticalAffiliation,http://sparql.cwrc.ca/ontologies/cwrc#existentialism,existentialism,existentialist,,,,,,,,,,
http://sparql.cwrc.ca/ontologies/cwrc#PoliticalAffiliation,http://sparql.cwrc.ca/ontologies/cwrc#pro-BoerWar,pro-Boer War,,,,,,,,,,,
http://sparql.cwrc.ca/ontologies/cwrc#PoliticalAffiliation,http://sparql.cwrc.ca/ontologies/cwrc#socialReform,social reform,reformers,social reformer,reformist,social welfare,progressivism,reformer,reform,,,,
http://sparql.cwrc.ca/ontologies/cwrc#PoliticalAffiliation,http://sparql.cwrc.ca/ontologies/cwrc#anti-Apartheid,anti-apartheid,,,,,,,,,,,
http://sparql.cwrc.ca/ontologies/cwrc#PoliticalAffiliation,http://sparql.cwrc.ca/ontologies/cwrc#anti-Jacobin,anti-Jacobin,anti-revolutionary,,,,,,,,,,
http://sparql.cwrc.ca/ontologies/cwrc#PoliticalAffiliation,http://sparql.cwrc.ca/ontologies/cwrc#neo-Conservatism,neo-conservatism,,,,,,,,,,,
http://sparql.cwrc.ca/ontologies/cwrc#PoliticalAffiliation,http://sparql.cwrc.ca/ontologies/cwrc#poorLawReform,poor law reform,Poor Law reform,,,,,,,,,,
http://sparql.cwrc.ca/ontologies/cwrc#PoliticalAffiliation,http://sparql.cwrc.ca/ontologies/cwrc#anti-Racism,anti-racism,anti-racist,,,,,,,,,,
http://sparql.cwrc.ca/ontologies/cwrc#PoliticalAffiliation,http://sparql.cwrc.ca/ontologies/cwrc#welshNationalism,Welsh nationalism,welsh nationalist,,,,,,,,,,
http://sparql.cwrc.ca/ontologies/cwrc#PoliticalAffiliation,http://sparql.cwrc.ca/ontologies/cwrc#racialEquality,racial equality,racial integrationist,racial integration,race equality,racial equality activist,activist for racial equality,,,,,,
http://sparql.cwrc.ca/ontologies/cwrc#PoliticalAffiliation,http://sparql.cwrc.ca/ontologies/cwrc#anti-NuclearMovement,anti-nuclear movement,nuclear disarmament,anti-nuclear,pro nuclear disarmament,Campaign for Nuclear Disarmament,anti-nuclear activist,anti-nuclear weapons,anti-nuclear war,nuclear disarmament campaigner,,,
http://sparql.cwrc.ca/ontologies/cwrc#PoliticalAffiliation,http://sparql.cwrc.ca/ontologies/cwrc#egyptianNationalism,Egyptian nationalism,,,,,,,,,,,
http://sparql.cwrc.ca/ontologies/cwrc#PoliticalAffiliation,http://sparql.cwrc.ca/ontologies/cwrc#womensEmploymentReform,women's employment reform,women's employment reformer,equal rights in the work place,employment activist,female employment,,,,,,,
http://sparql.cwrc.ca/ontologies/cwrc#PoliticalAffiliation,http://sparql.cwrc.ca/ontologies/cwrc#aidsActivism,AIDS activism,aids activist,,,,,,,,,,
http://sparql.cwrc.ca/ontologies/cwrc#PoliticalAffiliation,http://sparql.cwrc.ca/ontologies/cwrc#taxResistance,tax resistance,tax withholder,tax resister,,,,,,,,,
http://sparql.cwrc.ca/ontologies/cwrc#PoliticalAffiliation,http://sparql.cwrc.ca/ontologies/cwrc#eugenics,eugenics,eugenicist,,,,,,,,,,
http://sparql.cwrc.ca/ontologies/cwrc#PoliticalAffiliation,http://sparql.cwrc.ca/ontologies/cwrc#newDealer,new dealer,,,,,,,,,,,
http://sparql.cwrc.ca/ontologies/cwrc#PoliticalAffiliation,http://sparql.cwrc.ca/ontologies/cwrc#feministAnti-ViolenceActivism,feminist anti-violence activism,anti-female-genital-mutilation,,,,,,,,,,
http://sparql.cwrc.ca/ontologies/cwrc#PoliticalAffiliation,http://sparql.cwrc.ca/ontologies/cwrc#anti-Trade-Unionism,anti-trade-unionism,anti-trade-unionist,,,,,,,,,,
http://sparql.cwrc.ca/ontologies/cwrc#PoliticalAffiliation,http://sparql.cwrc.ca/ontologies/cwrc#freeTradeMovement,free trade movement,free trader,,,,,,,,,,
http://sparql.cwrc.ca/ontologies/cwrc#PoliticalAffiliation,http://sparql.cwrc.ca/ontologies/cwrc#conservativePartyUk,Conservative Party (UK),conservative party,,,,,,,,,,
http://sparql.cwrc.ca/ontologies/cwrc#PoliticalAffiliation,http://sparql.cwrc.ca/ontologies/cwrc#anti-Conscriptionism,anti-conscriptionism,anti-conscriptionist,,,,,,,,,,
http://sparql.cwrc.ca/ontologies/cwrc#PoliticalAffiliation,http://sparql.cwrc.ca/ontologies/cwrc#hanoverian,Hanoverian,House of Hanover,,,,,,,,,,
http://sparql.cwrc.ca/ontologies/cwrc#PoliticalAffiliation,http://sparql.cwrc.ca/ontologies/cwrc#antidisestablishmentarianism,antidisestablishmentarianism,antidisestablishmentarian,,,,,,,,,,
http://sparql.cwrc.ca/ontologies/cwrc#PoliticalAffiliation,http://sparql.cwrc.ca/ontologies/cwrc#humanism,humanism,humanist,,,,,,,,,,
http://sparql.cwrc.ca/ontologies/cwrc#PoliticalAffiliation,http://sparql.cwrc.ca/ontologies/cwrc#britishNationalism,British nationalism,british nationalist,,,,,,,,,,
http://sparql.cwrc.ca/ontologies/cwrc#PoliticalAffiliation,http://sparql.cwrc.ca/ontologies/cwrc#childrensWelfare,children's welfare,children's rights,children's rights advocate,children's rights activist,campaigner against child prostitution,,,,,,,
http://sparql.cwrc.ca/ontologies/cwrc#PoliticalAffiliation,http://sparql.cwrc.ca/ontologies/cwrc#spanishRepublicanism,Spanish republicanism,spanish republican supporter,spanish republican,,,,,,,,,
http://sparql.cwrc.ca/ontologies/cwrc#PoliticalAffiliation,http://sparql.cwrc.ca/ontologies/cwrc#pro-Choice,pro-choice,,,,,,,,,,,
http://sparql.cwrc.ca/ontologies/cwrc#PoliticalAffiliation,http://sparql.cwrc.ca/ontologies/cwrc#anti-Vivisection,anti-vivisection,anti-vivisectionist,,,,,,,,,,
http://sparql.cwrc.ca/ontologies/cwrc#PoliticalAffiliation,http://sparql.cwrc.ca/ontologies/cwrc#blackAnti-Oppression,black anti-oppression movement,black activist,black pride,black liberation,black power,anti-segregationist,black liberationist,,,,,
http://sparql.cwrc.ca/ontologies/cwrc#PoliticalAffiliation,http://sparql.cwrc.ca/ontologies/cwrc#multiculturalism,multiculturalism,multiculturalist,,,,,,,,,,
http://sparql.cwrc.ca/ontologies/cwrc#PoliticalAffiliation,http://sparql.cwrc.ca/ontologies/cwrc#indigenousRights,Indigenous rights movement,,,,,,,,,,,
http://sparql.cwrc.ca/ontologies/cwrc#PoliticalAffiliation,http://sparql.cwrc.ca/ontologies/cwrc#nonjurorsMovement,nonjurors movement,,,,,,,,,,,
http://sparql.cwrc.ca/ontologies/cwrc#PoliticalAffiliation,http://sparql.cwrc.ca/ontologies/cwrc#temperanceMovement,temperance movement,temperance,temperance supporter,temperance activist,,,,,,,,
http://sparql.cwrc.ca/ontologies/cwrc#PoliticalAffiliation,http://sparql.cwrc.ca/ontologies/cwrc#anti-Jacobite,anti-Jacobite,,,,,,,,,,,
http://sparql.cwrc.ca/ontologies/cwrc#PoliticalAffiliation,http://sparql.cwrc.ca/ontologies/cwrc#antisemitism,antisemitism,antisemitic,anti-semitism,,,,,,,,,
http://sparql.cwrc.ca/ontologies/cwrc#PoliticalAffiliation,http://sparql.cwrc.ca/ontologies/cwrc#anti-PovertyMovement,anti-poverty movement,poverty activist,anti-poverty activist,anti-poverty movement,,,,,,,,
http://sparql.cwrc.ca/ontologies/cwrc#PoliticalAffiliation,http://sparql.cwrc.ca/ontologies/cwrc#communalism,communalism,communalist,,,,,,,,,,
http://sparql.cwrc.ca/ontologies/cwrc#PoliticalAffiliation,http://sparql.cwrc.ca/ontologies/cwrc#educationReform,education reform,educationalist,education reformer,educational reform,state education movement,educational reformer,,,,,,
http://sparql.cwrc.ca/ontologies/cwrc#PoliticalAffiliation,http://sparql.cwrc.ca/ontologies/cwrc#gayRights,gay rights movement,gay rights advocate,pro-sexual preference,,,,,,,,,
http://sparql.cwrc.ca/ontologies/cwrc#PoliticalAffiliation,http://sparql.cwrc.ca/ontologies/cwrc#conservativeFeminism,conservative feminism,conservative feminism,,,,,,,,,,
http://sparql.cwrc.ca/ontologies/cwrc#PoliticalAffiliation,http://sparql.cwrc.ca/ontologies/cwrc#anti-Bonapartism,anti-Bonapartism,anti-bonapartist,,,,,,,,,,
http://sparql.cwrc.ca/ontologies/cwrc#PoliticalAffiliation,http://sparql.cwrc.ca/ontologies/cwrc#societyOfFriends,Society of Friends,pro-toleration,,,,,,,,,,
http://sparql.cwrc.ca/ontologies/cwrc#PoliticalAffiliation,http://sparql.cwrc.ca/ontologies/cwrc#liberalism,liberalism,liberal,,,,,,,,,,
http://sparql.cwrc.ca/ontologies/cwrc#PoliticalAffiliation,http://sparql.cwrc.ca/ontologies/cwrc#protestantRule,Protestant rule,protestant,protestantism,,,,,,,,,
http://sparql.cwrc.ca/ontologies/cwrc#PoliticalAffiliation,http://sparql.cwrc.ca/ontologies/cwrc#tradeUnionism,trade unionism,union movement,unionism,trade unionist,,,,,,,,
http://sparql.cwrc.ca/ontologies/cwrc#PoliticalAffiliation,http://sparql.cwrc.ca/ontologies/cwrc#anti-Caste,anti-caste movement,worked against the caste system,,,,,,,,,,
http://sparql.cwrc.ca/ontologies/cwrc#PoliticalAffiliation,http://sparql.cwrc.ca/ontologies/cwrc#poorAdvocacy,poor advocacy,advocate for the poor,,,,,,,,,,
http://sparql.cwrc.ca/ontologies/cwrc#PoliticalAffiliation,http://sparql.cwrc.ca/ontologies/cwrc#sabbatarianism,Sabbatarianism,,,,,,,,,,,
http://sparql.cwrc.ca/ontologies/cwrc#PoliticalAffiliation,http://sparql.cwrc.ca/ontologies/cwrc#anti-Suffrage,anti-suffrage,anti-suffragist,anti-sufffragist,,,,,,,,,
http://sparql.cwrc.ca/ontologies/cwrc#PoliticalAffiliation,http://sparql.cwrc.ca/ontologies/cwrc#anti-LandLeague,Anti-Irish National Land League,,,,,,,,,,,
http://sparql.cwrc.ca/ontologies/cwrc#PoliticalAffiliation,http://sparql.cwrc.ca/ontologies/cwrc#patriotism,patriotism,patriotic,patriotism,patriot,,,,,,,,
http://sparql.cwrc.ca/ontologies/cwrc#PoliticalAffiliation,http://sparql.cwrc.ca/ontologies/cwrc#urbanReform,urban reform,urban reformer,,,,,,,,,,
http://sparql.cwrc.ca/ontologies/cwrc#PoliticalAffiliation,http://sparql.cwrc.ca/ontologies/cwrc#bonapartism,Bonapartism,pro-bonapartist,,,,,,,,,,
http://sparql.cwrc.ca/ontologies/cwrc#PoliticalAffiliation,http://sparql.cwrc.ca/ontologies/cwrc#vegetarianism,vegetarianism,vegetarian,,,,,,,,,,
http://sparql.cwrc.ca/ontologies/cwrc#PoliticalAffiliation,http://sparql.cwrc.ca/ontologies/cwrc#irishHomeRuleMovement,Irish Home Rule Movement,irish home ruler,home ruler,home ruler (ireland),,,,,,,,
http://sparql.cwrc.ca/ontologies/cwrc#PoliticalAffiliation,http://sparql.cwrc.ca/ontologies/cwrc#socialism,socialism,owenite socialism,socialist,socialist and feminist,socialist feminist,militant socialist,,,,,,
http://sparql.cwrc.ca/ontologies/cwrc#PoliticalAffiliation,http://sparql.cwrc.ca/ontologies/cwrc#indianIndependence,Indian independence movement,pro-independence (indian),indian nationalist,,,,,,,,,
http://sparql.cwrc.ca/ontologies/cwrc#PoliticalAffiliation,http://sparql.cwrc.ca/ontologies/cwrc#sexualReform,sexual reform,sexual reformer,sexual libertarian,sex-trade reformer,sex-trade activist,sexual liberationist,,,,,,
http://sparql.cwrc.ca/ontologies/cwrc#PoliticalAffiliation,http://sparql.cwrc.ca/ontologies/cwrc#radicalism,radicalism,radical,,,,,,,,,,
http://sparql.cwrc.ca/ontologies/cwrc#PoliticalAffiliation,http://sparql.cwrc.ca/ontologies/cwrc#germanNationalism,German nationalism,,,,,,,,,,,
http://sparql.cwrc.ca/ontologies/cwrc#PoliticalAffiliation,http://sparql.cwrc.ca/ontologies/cwrc#italianNationalism,Italian nationalism,mazzinian,italian risorgimento,italian nationalist,,,,,,,,
http://sparql.cwrc.ca/ontologies/cwrc#PoliticalAffiliation,http://sparql.cwrc.ca/ontologies/cwrc#whiggism,whiggism,whig,whigs,williamite,dissident whig,pittite whig,foxite whig,opposition whig,,,,
http://sparql.cwrc.ca/ontologies/cwrc#PoliticalAffiliation,http://sparql.cwrc.ca/ontologies/cwrc#feminism,feminism,proto-feminist,women's rights,activist for women and children,gender egalitarian,pro-family,salary reform,anti-sexist,health activist,equal rights,moderate feminist,feminist
http://sparql.cwrc.ca/ontologies/cwrc#PoliticalAffiliation,http://sparql.cwrc.ca/ontologies/cwrc#liberalUnionistParty,Liberal Unionist Party,liberal unionist,,,,,,,,,,
http://sparql.cwrc.ca/ontologies/cwrc#PoliticalAffiliation,http://sparql.cwrc.ca/ontologies/cwrc#dreyfusard,Dreyfusard,,,,,,,,,,,
http://sparql.cwrc.ca/ontologies/cwrc#PoliticalAffiliation,http://sparql.cwrc.ca/ontologies/cwrc#irishRepublicanism,Irish republicanism,anti-unionist,irish republic,irish resistance,irish republicanism,irish independence,irish republican,,,,,
http://sparql.cwrc.ca/ontologies/cwrc#PoliticalAffiliation,http://sparql.cwrc.ca/ontologies/cwrc#zionism,Zionism,zionist,,,,,,,,,,
http://sparql.cwrc.ca/ontologies/cwrc#PoliticalAffiliation,http://sparql.cwrc.ca/ontologies/cwrc#capitalism,capitalism,capitalist,capitalism,free market capitalism,,,,,,,,
http://sparql.cwrc.ca/ontologies/cwrc#PoliticalAffiliation,http://sparql.cwrc.ca/ontologies/cwrc#anti-Socialism,anti-socialism,anti-socialist,,,,,,,,,,
http://sparql.cwrc.ca/ontologies/cwrc#PoliticalAffiliation,http://sparql.cwrc.ca/ontologies/cwrc#anti-British,anti-British politics,,,,,,,,,,,
http://sparql.cwrc.ca/ontologies/cwrc#PoliticalAffiliation,http://sparql.cwrc.ca/ontologies/cwrc#housingMovement,housing movement,housing activism,housing charity,,,,,,,,,
http://sparql.cwrc.ca/ontologies/cwrc#PoliticalAffiliation,http://sparql.cwrc.ca/ontologies/cwrc#prisonReform,prison reform,prison reform,,,,,,,,,,
http://sparql.cwrc.ca/ontologies/cwrc#PoliticalAffiliation,http://sparql.cwrc.ca/ontologies/cwrc#anti-ContagiousDiseasesAct,anti-Contagious Diseases Act,"""against the Contagious Diseases Acts"" ",anti-contagious diseases act activist,anti-contagious diseases acts,,,,,,,,
http://sparql.cwrc.ca/ontologies/cwrc#PoliticalAffiliation,http://sparql.cwrc.ca/ontologies/cwrc#humanRights,human rights,humanitarian,human rights activist,,,,,,,,,
http://sparql.cwrc.ca/ontologies/cwrc#PoliticalAffiliation,http://sparql.cwrc.ca/ontologies/cwrc#anarchism,anarchism,anarchist,,,,,,,,,,
http://sparql.cwrc.ca/ontologies/cwrc#PoliticalAffiliation,http://sparql.cwrc.ca/ontologies/cwrc#anti-Imperialism,Anti-imperialism,anti-colonialist,anti-imperialist,anti-colonial,anti-colonialism,anti-imperial,,,,,,
http://sparql.cwrc.ca/ontologies/cwrc#PoliticalAffiliation,http://sparql.cwrc.ca/ontologies/cwrc#civilLibertarianism,civil libertarianism,civil libertarian,,,,,,,,,,
http://sparql.cwrc.ca/ontologies/cwrc#PoliticalAffiliation,http://sparql.cwrc.ca/ontologies/cwrc#sanitaryMovement,sanitary movement,,,,,,,,,,,
http://sparql.cwrc.ca/ontologies/cwrc#PoliticalAffiliation,http://sparql.cwrc.ca/ontologies/cwrc#multiracialism,multiracialism,multi-racialist,,,,,,,,,,
http://sparql.cwrc.ca/ontologies/cwrc#PoliticalAffiliation,http://sparql.cwrc.ca/ontologies/cwrc#pro-Slavery,pro-slavery,,,,,,,,,,,
http://sparql.cwrc.ca/ontologies/cwrc#PoliticalAffiliation,http://sparql.cwrc.ca/ontologies/cwrc#anti-Vaccination,anti-vaccination movement,movement against compulsory vaccination,,,,,,,,,,
http://sparql.cwrc.ca/ontologies/cwrc#PoliticalAffiliation,http://sparql.cwrc.ca/ontologies/cwrc#monarchism,monarchism,monarchist,royalist,,,,,,,,,
http://sparql.cwrc.ca/ontologies/cwrc#PoliticalAffiliation,http://sparql.cwrc.ca/ontologies/cwrc#suffrage,suffrage movement,suffragism,non-militant suffragist,female suffrage,suffrage,women's suffrage,suffragist,moderate suffragist,christian suffragist,,,
http://sparql.cwrc.ca/ontologies/cwrc#PoliticalAffiliation,http://sparql.cwrc.ca/ontologies/cwrc#racism,racism,racist,,,,,,,,,,
http://sparql.cwrc.ca/ontologies/cwrc#PoliticalAffiliation,http://sparql.cwrc.ca/ontologies/cwrc#labourMovement,labour movement,factory reformer,labour organizer,labour activism,labour advocate,labour activist,anti-sweated labour,labour feminist,women's labour activist,,,
http://sparql.cwrc.ca/ontologies/cwrc#GeographicHeritage,http://sparql.cwrc.ca/ontologies/cwrc#englishGeographicHeritage,England,,,,,,,,,,,
http://sparql.cwrc.ca/ontologies/cwrc#GeographicHeritage,http://sparql.cwrc.ca/ontologies/cwrc#jewishGeographicHeritage,Jewish,,,,,,,,,,,
http://sparql.cwrc.ca/ontologies/cwrc#SocialClass,http://sparql.cwrc.ca/ontologies/cwrc#managerial,managerial,MANAGERIAL,,,,,,,,,,
http://sparql.cwrc.ca/ontologies/cwrc#SocialClass,http://sparql.cwrc.ca/ontologies/cwrc#upper-middleClass,upper-middle class,,,,,,,,,,,
http://sparql.cwrc.ca/ontologies/cwrc#SocialClass,http://sparql.cwrc.ca/ontologies/cwrc#workingClass,working class,working classes,urban working class,working woman,rural working class parents,,,,,,,
http://sparql.cwrc.ca/ontologies/cwrc#SocialClass,http://sparql.cwrc.ca/ontologies/cwrc#indigent,indigent,INDIGENT,poverty,impoverished,,,,,,,,
http://sparql.cwrc.ca/ontologies/cwrc#SocialClass,http://sparql.cwrc.ca/ontologies/cwrc#servants,servant,SERVANTS,,,,,,,,,,
http://sparql.cwrc.ca/ontologies/cwrc#SocialClass,http://sparql.cwrc.ca/ontologies/cwrc#gentry,gentry,GENTRY,gentility,,,,,,,,,
http://sparql.cwrc.ca/ontologies/cwrc#SocialClass,http://sparql.cwrc.ca/ontologies/cwrc#professional,professional,PROFESSIONAL,professional class,professional classes,,,,,,,,
http://sparql.cwrc.ca/ontologies/cwrc#SocialClass,http://sparql.cwrc.ca/ontologies/cwrc#yeoman-farmer,yeoman farmer,YEOMAN-FARMER,,,,,,,,,,
http://sparql.cwrc.ca/ontologies/cwrc#SocialClass,http://sparql.cwrc.ca/ontologies/cwrc#rural-unskilled,rural unskilled,RURAL-UNSKILLED,,,,,,,,,,
http://sparql.cwrc.ca/ontologies/cwrc#SocialClass,http://sparql.cwrc.ca/ontologies/cwrc#entrepreneurial-industrialist,entrepreneurial,ENTREPRENEURIAL-INDUSTRIALIST,,,,,,,,,,
http://sparql.cwrc.ca/ontologies/cwrc#SocialClass,http://sparql.cwrc.ca/ontologies/cwrc#brahmin,Brahmin,,,,,,,,,,,
http://sparql.cwrc.ca/ontologies/cwrc#SocialClass,http://sparql.cwrc.ca/ontologies/cwrc#urban-industrialUnskilled,urban unskilled,URBAN-INDUSTRIALUNSKILLED,,,,,,,,,,
http://sparql.cwrc.ca/ontologies/cwrc#SocialClass,http://sparql.cwrc.ca/ontologies/cwrc#shopkeepers,shopkeepers,SHOPKEEPERS,,,,,,,,,,
http://sparql.cwrc.ca/ontologies/cwrc#SocialClass,http://sparql.cwrc.ca/ontologies/cwrc#bohemianism,Bohemianism,bohemian with upper-class connections,classlessness,"alternative society of young artists, dropouts, and nonconformists",,,,,,,,
http://sparql.cwrc.ca/ontologies/cwrc#SocialClass,http://sparql.cwrc.ca/ontologies/cwrc#skilledCraftpersonArtisan,artisan,SKILLEDCRAFTPERSON-ARTISAN,,,,,,,,,,
http://sparql.cwrc.ca/ontologies/cwrc#SocialClass,http://sparql.cwrc.ca/ontologies/cwrc#middleClass,middle class,middle,middle ranks,bourgeois,middling ranks,middle classes,middle-class,middling sort,,,,
http://sparql.cwrc.ca/ontologies/cwrc#SocialClass,http://sparql.cwrc.ca/ontologies/cwrc#slave-forced-labourer,slave or forced labourer,bonded labourer,slave,serfs,serf,,,,,,,
http://sparql.cwrc.ca/ontologies/cwrc#SocialClass,http://sparql.cwrc.ca/ontologies/cwrc#nobility,nobility,"royal, but not expected to become queen",royal descent,royalty,NOBILITY,royal,,,,,,
http://sparql.cwrc.ca/ontologies/cwrc#SocialClass,http://sparql.cwrc.ca/ontologies/cwrc#lowerMiddleClass,lower-middle class,LOWER-MIDDLECLASS,,,,,,,,,,
http://sparql.cwrc.ca/ontologies/cwrc#Religion,http://sparql.cwrc.ca/ontologies/cwrc#catholicism,Roman Catholicism,,,,,,,,,,,
http://sparql.cwrc.ca/ontologies/cwrc#Religion,http://sparql.cwrc.ca/ontologies/cwrc#christianity,Christianity,,,,,,,,,,,
http://sparql.cwrc.ca/ontologies/cwrc#Religion,http://sparql.cwrc.ca/ontologies/cwrc#islam,Islamism,,,,,,,,,,,
http://sparql.cwrc.ca/ontologies/cwrc#Religion,http://sparql.cwrc.ca/ontologies/cwrc#fifthMonarchists,Fifth Monarchists,,,,,,,,,,,
http://sparql.cwrc.ca/ontologies/cwrc#Religion,http://sparql.cwrc.ca/ontologies/cwrc#judaism,Judaism,,,,,,,,,,,
http://sparql.cwrc.ca/ontologies/cwrc#Religion,http://sparql.cwrc.ca/ontologies/cwrc#paganism,Paganism,,,,,,,,,,,
http://sparql.cwrc.ca/ontologies/cwrc#Religion,http://sparql.cwrc.ca/ontologies/cwrc#quakerism,Quakerism,,,,,,,,,,,
http://sparql.cwrc.ca/ontologies/cwrc#Religion,http://sparql.cwrc.ca/ontologies/cwrc#spiritualism,spiritualism,,,,,,,,,,,
http://sparql.cwrc.ca/ontologies/cwrc#Religion,http://sparql.cwrc.ca/ontologies/cwrc#lollardy,Lollardy,,,,,,,,,,,
http://sparql.cwrc.ca/ontologies/cwrc#Religion,http://sparql.cwrc.ca/ontologies/cwrc#baptistChristianity,Baptist Christianity,,,,,,,,,,,
http://sparql.cwrc.ca/ontologies/cwrc#Religion,http://sparql.cwrc.ca/ontologies/cwrc#presbyterianism,Presbyterianism,,,,,,,,,,,
http://sparql.cwrc.ca/ontologies/cwrc#Religion,http://sparql.cwrc.ca/ontologies/cwrc#plymouthBrethren,Plymouth Brethren,,,,,,,,,,,
http://sparql.cwrc.ca/ontologies/cwrc#Religion,http://sparql.cwrc.ca/ontologies/cwrc#churchOfIreland,Church of Ireland,,,,,,,,,,,
http://sparql.cwrc.ca/ontologies/cwrc#Religion,http://sparql.cwrc.ca/ontologies/cwrc#abrahamicReligions,Abrahamic religions,,,,,,,,,,,
http://sparql.cwrc.ca/ontologies/cwrc#Religion,http://sparql.cwrc.ca/ontologies/cwrc#hinduism,Hinduism,,,,,,,,,,,
http://sparql.cwrc.ca/ontologies/cwrc#Religion,http://sparql.cwrc.ca/ontologies/cwrc#unitarianism,Unitarianism,Unitarian,Unitarian Movement,unitarianMovement,Unitarian Church,,,,,,,
http://sparql.cwrc.ca/ontologies/cwrc#Religion,http://sparql.cwrc.ca/ontologies/cwrc#neo-thomism,Neo-thomism,,,,,,,,,,,
http://sparql.cwrc.ca/ontologies/cwrc#Religion,http://sparql.cwrc.ca/ontologies/cwrc#atheism,atheism,,,,,,,,,,,
http://sparql.cwrc.ca/ontologies/cwrc#Religion,http://sparql.cwrc.ca/ontologies/cwrc#buddhism,Buddhism,Buddhist,,,,,,,,,,
http://sparql.cwrc.ca/ontologies/cwrc#Religion,http://sparql.cwrc.ca/ontologies/cwrc#millenarianism,millenarianism,,,,,,,,,,,
http://sparql.cwrc.ca/ontologies/cwrc#Religion,http://sparql.cwrc.ca/ontologies/cwrc#pantheism,pantheism,,,,,,,,,,,
http://sparql.cwrc.ca/ontologies/cwrc#Religion,http://sparql.cwrc.ca/ontologies/cwrc#dissentProtestant,Dissent (Protestant),,,,,,,,,,,
http://sparql.cwrc.ca/ontologies/cwrc#Religion,http://sparql.cwrc.ca/ontologies/cwrc#congregationalism,Congregationalism,,,,,,,,,,,
http://sparql.cwrc.ca/ontologies/cwrc#Religion,http://sparql.cwrc.ca/ontologies/cwrc#christianScience,Christian Science,,,,,,,,,,,
http://sparql.cwrc.ca/ontologies/cwrc#Religion,http://sparql.cwrc.ca/ontologies/cwrc#protestantism,Protestantism,,,,,,,,,,,
http://sparql.cwrc.ca/ontologies/cwrc#Religion,http://sparql.cwrc.ca/ontologies/cwrc#anglicanism,Anglicanism,,,,,,,,,,,
http://sparql.cwrc.ca/ontologies/cwrc#Religion,http://sparql.cwrc.ca/ontologies/cwrc#methodism,Methodism,,,,,,,,,,,
http://sparql.cwrc.ca/ontologies/cwrc#Religion,http://sparql.cwrc.ca/ontologies/cwrc#tractarianMovement,Tractarian Movement,,,,,,,,,,,
http://sparql.cwrc.ca/ontologies/cwrc#Religion,http://sparql.cwrc.ca/ontologies/cwrc#agnosticism,agnosticism,,,,,,,,,,,
http://sparql.cwrc.ca/ontologies/cwrc#Religion,http://sparql.cwrc.ca/ontologies/cwrc#occultism,occultism/theosophism,,,,,,,,,,,
http://sparql.cwrc.ca/ontologies/cwrc#NationalIdentity,http://sparql.cwrc.ca/ontologies/cwrc#statelessNationalIdentity,stateless,,,,,,,,,,,
http://sparql.cwrc.ca/ontologies/cwrc#NationalIdentity,http://sparql.cwrc.ca/ontologies/cwrc#mohawkNationalIdentity,Mohawk,,,,,,,,,,,
http://sparql.cwrc.ca/ontologies/cwrc#NationalIdentity,http://sparql.cwrc.ca/ontologies/cwrc#jewishNationalIdentity,Jewish,,,,,,,,,,,
http://sparql.cwrc.ca/ontologies/cwrc#Gender,http://sparql.cwrc.ca/ontologies/cwrc#man,man,MALE,,,,,,,,,,
http://sparql.cwrc.ca/ontologies/cwrc#Gender,http://sparql.cwrc.ca/ontologies/cwrc#GenderQueer,genderqueer,,,,,,,,,,,
http://sparql.cwrc.ca/ontologies/cwrc#Gender,http://sparql.cwrc.ca/ontologies/cwrc#undefinedGender,undefined,UNDEFINED,,,,,,,,,,
http://sparql.cwrc.ca/ontologies/cwrc#Gender,http://sparql.cwrc.ca/ontologies/cwrc#cisGender,cisgender,,,,,,,,,,,
http://sparql.cwrc.ca/ontologies/cwrc#Gender,http://sparql.cwrc.ca/ontologies/cwrc#woman,woman,FEMALE,,,,,,,,,,
http://sparql.cwrc.ca/ontologies/cwrc#Gender,http://sparql.cwrc.ca/ontologies/cwrc#transMan,transman/transmale,TRANSGENDERED FEMALE TO MALE,,,,,,,,,,
http://sparql.cwrc.ca/ontologies/cwrc#Gender,http://sparql.cwrc.ca/ontologies/cwrc#transGender,transgender,TRANSGENDERED,,,,,,,,,,
http://sparql.cwrc.ca/ontologies/cwrc#Gender,http://sparql.cwrc.ca/ontologies/cwrc#Androgynous,androgynous,,,,,,,,,,,
http://sparql.cwrc.ca/ontologies/cwrc#Gender,http://sparql.cwrc.ca/ontologies/cwrc#cisMan,cisman,,,,,,,,,,,
http://sparql.cwrc.ca/ontologies/cwrc#Gender,http://sparql.cwrc.ca/ontologies/cwrc#cisWoman,ciswoman,,,,,,,,,,,
http://sparql.cwrc.ca/ontologies/cwrc#Gender,http://sparql.cwrc.ca/ontologies/cwrc#transWoman,transwoman/transfemale,TRANSGENDERED MALE TO FEMALE,,,,,,,,,,
http://sparql.cwrc.ca/ontologies/cwrc#RaceColour,http://sparql.cwrc.ca/ontologies/cwrc#whiteRaceColour,white,presumably white,,,,,,,,,,
http://sparql.cwrc.ca/ontologies/cwrc#RaceColour,http://sparql.cwrc.ca/ontologies/cwrc#eurasianRaceColour,eurasian,,,,,,,,,,,
http://sparql.cwrc.ca/ontologies/cwrc#RaceColour,http://sparql.cwrc.ca/ontologies/cwrc#mixedRaceColour,mixed-race,"mixed white and black (or, in her own word, colored)",mixed-blood,red mulatto,mixed-race,coloured (mixed-race),mixed,racially mixed,,,,
http://sparql.cwrc.ca/ontologies/cwrc#RaceColour,http://sparql.cwrc.ca/ontologies/cwrc#creoleRaceColour,Creole,,,,,,,,,,,
http://sparql.cwrc.ca/ontologies/cwrc#RaceColour,http://sparql.cwrc.ca/ontologies/cwrc#asianRaceColour,Asian,,,,,,,,,,,
http://sparql.cwrc.ca/ontologies/cwrc#RaceColour,http://sparql.cwrc.ca/ontologies/cwrc#blackRaceColour,black,blackwoman,,,,,,,,,,