Degree,http://id.lincsproject.ca/cwrc#lawDegree,law degree,law degree,degree in law,,,,,,,,,,,,,,,,,,,,,,,,,,,,,,,,,,,,,,,,,,,,,,,,,,,,,
Degree,http://id.lincsproject.ca/cwrc#postgraduateDegree,postgraduate degree,postgraduate degree in teaching,Agrégation,post-graduate degree in theatre,Postgraduate Diploma in Writing for the Stage,DSc,,,,,,,,,,,,,,,,,,,,,,,,,,,,,,,,,,,,,,,,,,,,,,,,,,
Degree,http://id.lincsproject.ca/cwrc#secondarySchoolDiploma,secondary school diploma,Chancellor's Diploma,Higher School Certificate,,,,,,,,,,,,,,,,,,,,,,,,,,,,,,,,,,,,,,,,,,,,,,,,,,,,,
Degree,http://id.lincsproject.ca/cwrc#ladyLiterateInArts,Lady Literate in the Arts,L.L.A. (Lady Literate in the Arts),,,,,,,,,,,,,,,,,,,,,,,,,,,,,,,,,,,,,,,,,,,,,,,,,,,,,,
Degree,http://id.lincsproject.ca/cwrc#honoraryDegree,honorary degree,honorary Doctorate of Divinity,honorary MA,,,,,,,,,,,,,,,,,,,,,,,,,,,,,,,,,,,,,,,,,,,,,,,,,,,,,
Degree,http://id.lincsproject.ca/cwrc#teachingQualification,teaching qualification,second class teaching certificate,Elementary School Teachers' Certificate,Diploma of Education,USA teaching certificate,"Teaching Certificate,, First Class",Elementary Teacher's Certificate,teaching certificate,diploma in education,Teacher's Diploma,Post-Graduate Certificate of Education,teacher's certificate,"Teaching Certificate, First Class",education diploma,Teaching Diploma,Certificate in the Theory and Practice of Teaching,,,,,,,,,,,,,,,,,,,,,,,,,,,,,,,,,,,,,,,,
Degree,http://id.lincsproject.ca/cwrc#certificate,certificate,Higher National Certificate,certificate in the exam for women,certificate in social science,Postgraduate Certificate,certificate,Cambridge Certificate,"Postgraduate Certificate in Education, English as a Second Language",University Certificate,Higher Cambridge Certificate,"Certificat d'Études Françaises, 1er Degré",,,,,,,,,,,,,,,,,,,,,,,,,,,,,,,,,,,,,,,,,,,,,
Degree,http://id.lincsproject.ca/cwrc#undergraduateDegree,undergraduate degree,Bachelor,degree,degree in advertising,BLitt,B. Litt.,two-year degree,,,,,,,,,,,,,,,,,,,,,,,,,,,,,,,,,,,,,,,,,,,,,,,,,
Degree,http://id.lincsproject.ca/cwrc#bachelorOfArts,B.A.,BA in English with First Class Honours,AB degree,BA in modern history,Honours BA,Cambridge BA,BA degree,first-class honours BA,Bachelor of Arts,"BA honours, third class",first-class degree,first-class BA in English,Bachelor of Arts degree (at pass level only),Second Class Honours BA,BA Honours in English,BA Pass Degree,BA in PPE,Bachelor of Arts with honours in English,BA in history,BA in cultural anthropology,BA in Arts,BA in English Literature,double first Honours BA,Honours BA in English,first-class BA,degree with first-class honours,BA,2:2 BA,BA first-class Honours in English,Second Class honours degree,BA in English,first in her BA,BA in English and History,BA Honours degree,Honours BA in French,third-class honours,first class honours,BA in Drama and Theatre Arts,BA (Second Class Honours),"BA, Second Class, in English Language and Literature","Honours BA in Classics, First Class",BA in English Language and Literature,BA honours in History,Class Three BA,"BA in Classics, Class II",third-class degree (in history),BA Honours degree in English was a third class,Honours BA in Greats,BA (Honours),BA (Hons) in English Language and Literature,BA degee,"Honours BA, Second Class,",second-class honours,Honours BA degree,"BA honours, second class",Second Class degree
Degree,http://id.lincsproject.ca/cwrc#professionalDegree,professional degree,Doctor of Divinity degree,MB medical degree,MD,Master Mariner's Certificate,Doctor of Medicine,MD degree,,,,,,,,,,,,,,,,,,,,,,,,,,,,,,,,,,,,,,,,,,,,,,,,,
Degree,http://id.lincsproject.ca/cwrc#bachelorOfScience,B.Sc.,B.Sc. (with honours),BSc in Physics,BSc,,,,,,,,,,,,,,,,,,,,,,,,,,,,,,,,,,,,,,,,,,,,,,,,,,,,
Degree,http://id.lincsproject.ca/cwrc#diploma,diploma,Diploma in Social Work,diploma in school counselling,diploma in Psychopathology,Diploma,diploma in agriculture,diploma in literature,Diplome d'Etudes de Civilisation Française,diploma in journalism,,,,,,,,,,,,,,,,,,,,,,,,,,,,,,,,,,,,,,,,,,,,,,,
Degree,http://id.lincsproject.ca/cwrc#mastersDegree,master's degree,MA,MA (a first degree in Scotland),Masters Degree,MPhil in Medieval Literature,MA in English.,MA in psychology,Master's degree,MA in English literature,MA in Classics,MSc,master's degree in Public Health,MA in English,MLitt,MA in philosophy and literature,MA in Canadian Literature,MA degree,,,,,,,,,,,,,,,,,,,,,,,,,,,,,,,,,,,,,,,
Degree,http://id.lincsproject.ca/cwrc#doctorOfPhilosophy,Ph.D.,PhD in Linguistics,Doctor of Philosophy,doctorate,PhD in Philosophy,DPhil,PhD,Ph.D.,,,,,,,,,,,,,,,,,,,,,,,,,,,,,,,,,,,,,,,,,,,,,,,,
Degree,http://id.lincsproject.ca/cwrc#medicalDegree,medical degree,,,,,,,,,,,,,,,,,,,,,,,,,,,,,,,,,,,,,,,,,,,,,,,,,,,,,,,
Subject,http://id.loc.gov/authorities/subjects/sh85000411,accounting,Accounting,keeping accounts,,,,,,,,,,,,,,,,,,,,,,,,,,,,,,,,,,,,,,,,,,,,,,,,,,,,,
Subject,http://id.loc.gov/authorities/subjects/sh85000691,acting,Acting,tableaux vivants,,,,,,,,,,,,,,,,,,,,,,,,,,,,,,,,,,,,,,,,,,,,,,,,,,,,,
Subject,http://id.loc.gov/authorities/subjects/sh85001086,advertising,Advertising,commercial art,commercial skills,marketing,,,,,,,,,,,,,,,,,,,,,,,,,,,,,,,,,,,,,,,,,,,,,,,,,,,
Subject,http://id.loc.gov/authorities/subjects/sh85001319,aeronautics,Aeronautics,,,,,,,,,,,,,,,,,,,,,,,,,,,,,,,,,,,,,,,,,,,,,,,,,,,,,,
Subject,http://id.loc.gov/authorities/childrensSubjects/sj96004706,african american folklore,African Americans--Folklore,,,,,,,,,,,,,,,,,,,,,,,,,,,,,,,,,,,,,,,,,,,,,,,,,,,,,,
Subject,http://id.loc.gov/authorities/subjects/sh85001729,african languages,African languages,,,,,,,,,,,,,,,,,,,,,,,,,,,,,,,,,,,,,,,,,,,,,,,,,,,,,,
Subject,http://id.loc.gov/vocabulary/languages/afr,afrikaans,Afrikaans,,,,,,,,,,,,,,,,,,,,,,,,,,,,,,,,,,,,,,,,,,,,,,,,,,,,,,
Subject,http://id.loc.gov/authorities/subjects/sh2002010219,agricultural management,Agricultural landscape management,,,,,,,,,,,,,,,,,,,,,,,,,,,,,,,,,,,,,,,,,,,,,,,,,,,,,,
Subject,http://id.loc.gov/authorities/subjects/sh85002415,agriculture,Agriculture,crop production,highland farming,,,,,,,,,,,,,,,,,,,,,,,,,,,,,,,,,,,,,,,,,,,,,,,,,,,,
Subject,http://id.loc.gov/authorities/subjects/sh85003425,algebra,Algebra,,,,,,,,,,,,,,,,,,,,,,,,,,,,,,,,,,,,,,,,,,,,,,,,,,,,,,
Subject,http://id.loc.gov/authorities/subjects/sh99002311,alphabet,Alphabet,,,,,,,,,,,,,,,,,,,,,,,,,,,,,,,,,,,,,,,,,,,,,,,,,,,,,,
Subject,http://id.loc.gov/authorities/subjects/sh85004126,amateur theatricals,Amateur theatre,,,,,,,,,,,,,,,,,,,,,,,,,,,,,,,,,,,,,,,,,,,,,,,,,,,,,,
Subject,http://id.loc.gov/authorities/subjects/sh85004336,american literature,American literature,,,,,,,,,,,,,,,,,,,,,,,,,,,,,,,,,,,,,,,,,,,,,,,,,,,,,,
Subject,http://id.loc.gov/authorities/subjects/sh85004835,anatomy,Anatomy,,,,,,,,,,,,,,,,,,,,,,,,,,,,,,,,,,,,,,,,,,,,,,,,,,,,,,
Subject,http://id.loc.gov/authorities/subjects/sh85068106,anglo lrish literature,Irish literature,irish nineteenth century writers and gothic fiction,,,,,,,,,,,,,,,,,,,,,,,,,,,,,,,,,,,,,,,,,,,,,,,,,,,,,
Subject,http://id.loc.gov/authorities/subjects/sh85005274,animal care,Animal welfare,,,,,,,,,,,,,,,,,,,,,,,,,,,,,,,,,,,,,,,,,,,,,,,,,,,,,,
Subject,http://id.loc.gov/authorities/subjects/sh85005216,animal nutrition,Animal nutrition,,,,,,,,,,,,,,,,,,,,,,,,,,,,,,,,,,,,,,,,,,,,,,,,,,,,,,
Subject,http://id.loc.gov/authorities/subjects/sh85005581,anthropology,Anthropology,anthopology,ethnology,,,,,,,,,,,,,,,,,,,,,,,,,,,,,,,,,,,,,,,,,,,,,,,,,,,,
Subject,http://id.loc.gov/authorities/subjects/sh85005757,antiquarianism,Antiquities,,,,,,,,,,,,,,,,,,,,,,,,,,,,,,,,,,,,,,,,,,,,,,,,,,,,,,
Subject,http://id.loc.gov/authorities/subjects/sh85006285,arab affairs,Arab countries--Politics and government,,,,,,,,,,,,,,,,,,,,,,,,,,,,,,,,,,,,,,,,,,,,,,,,,,,,,,
Subject,http://id.loc.gov/vocabulary/languages/ara,arabic,Arabic language,syrian,,,,,,,,,,,,,,,,,,,,,,,,,,,,,,,,,,,,,,,,,,,,,,,,,,,,,
Subject,http://id.loc.gov/vocabulary/languages/arc,aramaic,Aramaic; Aramäisch,,,,,,,,,,,,,,,,,,,,,,,,,,,,,,,,,,,,,,,,,,,,,,,,,,,,,,
Subject,http://id.loc.gov/authorities/subjects/sh85006507,archaeology,Archaeology,,,,,,,,,,,,,,,,,,,,,,,,,,,,,,,,,,,,,,,,,,,,,,,,,,,,,,
Subject,http://id.loc.gov/authorities/subjects/sh85006527,archery,Archery,,,,,,,,,,,,,,,,,,,,,,,,,,,,,,,,,,,,,,,,,,,,,,,,,,,,,,
Subject,http://id.loc.gov/authorities/subjects/sh85006611,architecture,Architecture,,,,,,,,,,,,,,,,,,,,,,,,,,,,,,,,,,,,,,,,,,,,,,,,,,,,,,
Subject,http://id.loc.gov/authorities/subjects/sh85007163,arithmetic,Arithmetic,,,,,,,,,,,,,,,,,,,,,,,,,,,,,,,,,,,,,,,,,,,,,,,,,,,,,,
Subject,http://id.loc.gov/authorities/subjects/sh85007461,art,Art,graphic arts,mosaic art,perspective,plastic arts,print making,printing,significant form,china painting,appreciation of painting,,,,,,,,,,,,,,,,,,,,,,,,,,,,,,,,,,,,,,,,,,,,,
Subject,http://id.loc.gov/authorities/subjects/sh85007488,art history,Art--History,history of art,egyptian art,greek art,italian art,italian artists,roman art,,,,,,,,,,,,,,,,,,,,,,,,,,,,,,,,,,,,,,,,,,,,,,,,
Subject,http://id.loc.gov/authorities/subjects/sh85008324,arts,Arts,lyricism,,,,,,,,,,,,,,,,,,,,,,,,,,,,,,,,,,,,,,,,,,,,,,,,,,,,,
Subject,http://id.loc.gov/authorities/subjects/sh85008893,astrology,Astrology,,,,,,,,,,,,,,,,,,,,,,,,,,,,,,,,,,,,,,,,,,,,,,,,,,,,,,
Subject,http://id.loc.gov/authorities/subjects/sh85009003,astronomy,Astronomy,,,,,,,,,,,,,,,,,,,,,,,,,,,,,,,,,,,,,,,,,,,,,,,,,,,,,,
Subject,http://id.loc.gov/authorities/subjects/sh85009153,athletics,Athletics,sport,sports,team sports,team games,tennis,boxing,football,basketball,field hockey,games,hockey,ice hockey,lacrosse,netball,rowing,rugby,skiing,mountain rescue,cricket,,,,,,,,,,,,,,,,,,,,,,,,,,,,,,,,,,,
Subject,http://id.loc.gov/authorities/subjects/sh85011275,ballet,Ballet,,,,,,,,,,,,,,,,,,,,,,,,,,,,,,,,,,,,,,,,,,,,,,,,,,,,,,
Subject,http://id.loc.gov/vocabulary/languages/bem,bemba,Bemba,,,,,,,,,,,,,,,,,,,,,,,,,,,,,,,,,,,,,,,,,,,,,,,,,,,,,,
Subject,http://id.loc.gov/vocabulary/languages/ben,bengali,Bengali,,,,,,,,,,,,,,,,,,,,,,,,,,,,,,,,,,,,,,,,,,,,,,,,,,,,,,
Subject,http://id.loc.gov/authorities/subjects/sh85013576,bible,Bible,bible study,the bible,,,,,,,,,,,,,,,,,,,,,,,,,,,,,,,,,,,,,,,,,,,,,,,,,,,,
Subject,http://id.loc.gov/authorities/subjects/sh85013617,biblical criticism,"Bible--Criticism, interpretation, etc.",its commentators,,,,,,,,,,,,,,,,,,,,,,,,,,,,,,,,,,,,,,,,,,,,,,,,,,,,,
Subject,http://id.loc.gov/authorities/subjects/sh85014152,biography,Biography,,,,,,,,,,,,,,,,,,,,,,,,,,,,,,,,,,,,,,,,,,,,,,,,,,,,,,
Subject,http://id.loc.gov/authorities/subjects/sh85014203,biology,Biology,genetics,,,,,,,,,,,,,,,,,,,,,,,,,,,,,,,,,,,,,,,,,,,,,,,,,,,,,
Subject,http://id.loc.gov/authorities/subjects/sh91005631,black history,African diaspora,,,,,,,,,,,,,,,,,,,,,,,,,,,,,,,,,,,,,,,,,,,,,,,,,,,,,,
Subject,http://id.loc.gov/authorities/subjects/sh85015705,bookbinding,Bookbinding,,,,,,,,,,,,,,,,,,,,,,,,,,,,,,,,,,,,,,,,,,,,,,,,,,,,,,
Subject,http://id.loc.gov/authorities/subjects/sh85015733,bookkeeping,Bookkeeping,keeping accounts,keeping of accounts,,,,,,,,,,,,,,,,,,,,,,,,,,,,,,,,,,,,,,,,,,,,,,,,,,,,
Subject,http://id.loc.gov/authorities/subjects/sh85015976,botany,Botany,study plants,,,,,,,,,,,,,,,,,,,,,,,,,,,,,,,,,,,,,,,,,,,,,,,,,,,,,
Subject,http://id.loc.gov/authorities/subjects/sh94008942,braille,Braille,,,,,,,,,,,,,,,,,,,,,,,,,,,,,,,,,,,,,,,,,,,,,,,,,,,,,,
Subject,http://id.loc.gov/vocabulary/languages/bre,breton,Breton Language,,,,,,,,,,,,,,,,,,,,,,,,,,,,,,,,,,,,,,,,,,,,,,,,,,,,,,
Subject,http://id.loc.gov/authorities/subjects/sh85016973,british literature,British literature,,,,,,,,,,,,,,,,,,,,,,,,,,,,,,,,,,,,,,,,,,,,,,,,,,,,,,
Subject,http://id.loc.gov/vocabulary/languages/bul,bulgarian,Bulgarian; Bulgarisch,,,,,,,,,,,,,,,,,,,,,,,,,,,,,,,,,,,,,,,,,,,,,,,,,,,,,,
Subject,http://id.loc.gov/authorities/subjects/sh85018260,business,Business,business studies,commerce,entrepeneurship,,,,,,,,,,,,,,,,,,,,,,,,,,,,,,,,,,,,,,,,,,,,,,,,,,,
Subject,http://id.loc.gov/authorities/subjects/sh85018371,butter making,Butter,,,,,,,,,,,,,,,,,,,,,,,,,,,,,,,,,,,,,,,,,,,,,,,,,,,,,,
Subject,http://id.loc.gov/authorities/subjects/sh85046328,exercise,Exercise,callisthenics,physical education,running,calisthenics,exercise,,,,,,,,,,,,,,,,,,,,,,,,,,,,,,,,,,,,,,,,,,,,,,,,,
Subject,http://id.loc.gov/authorities/subjects/sh85018955,calligraphy,Calligraphy,,,,,,,,,,,,,,,,,,,,,,,,,,,,,,,,,,,,,,,,,,,,,,,,,,,,,,
Subject,http://id.loc.gov/authorities/subjects/sh85019388,canadian literature,Canadian literature,,,,,,,,,,,,,,,,,,,,,,,,,,,,,,,,,,,,,,,,,,,,,,,,,,,,,,
Subject,http://id.loc.gov/authorities/subjects/sh85096148,outdoor recreation,Outdoor Recreation,canoeing,camping,fishing,fly fishing,sailing,,,,,,,,,,,,,,,,,,,,,,,,,,,,,,,,,,,,,,,,,,,,,,,,,
Subject,http://id.loc.gov/authorities/subjects/sh85010164,car mechanics,Automobile mechanics,,,,,,,,,,,,,,,,,,,,,,,,,,,,,,,,,,,,,,,,,,,,,,,,,,,,,,
Subject,http://id.loc.gov/authorities/subjects/sh85020435,carpentry,Carpentry,,,,,,,,,,,,,,,,,,,,,,,,,,,,,,,,,,,,,,,,,,,,,,,,,,,,,,
Subject,http://id.loc.gov/authorities/subjects/sh85039614,carriage driving,Driving of horse-drawn vehicles,,,,,,,,,,,,,,,,,,,,,,,,,,,,,,,,,,,,,,,,,,,,,,,,,,,,,,
Subject,http://id.loc.gov/authorities/subjects/sh85020515,cartography,Cartography,,,,,,,,,,,,,,,,,,,,,,,,,,,,,,,,,,,,,,,,,,,,,,,,,,,,,,
Subject,http://id.loc.gov/authorities/subjects/sh85020546,carving meat,"Carving (Meat, etc.)",,,,,,,,,,,,,,,,,,,,,,,,,,,,,,,,,,,,,,,,,,,,,,,,,,,,,,
Subject,http://id.loc.gov/authorities/subjects/sh99001904,catechism,Catechisms,,,,,,,,,,,,,,,,,,,,,,,,,,,,,,,,,,,,,,,,,,,,,,,,,,,,,,
Subject,http://id.loc.gov/authorities/subjects/sh85021043,catholicism,Catholic church,roman catholic religion,,,,,,,,,,,,,,,,,,,,,,,,,,,,,,,,,,,,,,,,,,,,,,,,,,,,,
Subject,http://id.loc.gov/authorities/subjects/sh85143658,cello,Cello,,,,,,,,,,,,,,,,,,,,,,,,,,,,,,,,,,,,,,,,,,,,,,,,,,,,,,
Subject,http://id.loc.gov/authorities/subjects/sh85022986,chemistry,Chemistry,chimistry,,,,,,,,,,,,,,,,,,,,,,,,,,,,,,,,,,,,,,,,,,,,,,,,,,,,,
Subject,http://id.loc.gov/vocabulary/languages/chi,chinese,Chinese; Chinesisch,,,,,,,,,,,,,,,,,,,,,,,,,,,,,,,,,,,,,,,,,,,,,,,,,,,,,,
Subject,http://id.loc.gov/authorities/subjects/sh85025219,christianity,Christianity,christian doctrine,different christian belief-systems,,,,,,,,,,,,,,,,,,,,,,,,,,,,,,,,,,,,,,,,,,,,,,,,,,,,
Subject,http://id.loc.gov/authorities/subjects/sh85025619,church history,Church history,early history of the church,,,,,,,,,,,,,,,,,,,,,,,,,,,,,,,,,,,,,,,,,,,,,,,,,,,,,
Subject,http://id.loc.gov/authorities/subjects/sh85088084,cinema,Motion pictures,,,,,,,,,,,,,,,,,,,,,,,,,,,,,,,,,,,,,,,,,,,,,,,,,,,,,,
Subject,http://id.loc.gov/authorities/subjects/sh85026301,civics,Civics,,,,,,,,,,,,,,,,,,,,,,,,,,,,,,,,,,,,,,,,,,,,,,,,,,,,,,
Subject,http://id.loc.gov/vocabulary/languages/grc,classical greek,"Greek, Ancient (to 1453); Griechisch",,,,,,,,,,,,,,,,,,,,,,,,,,,,,,,,,,,,,,,,,,,,,,,,,,,,,,
Subject,http://id.loc.gov/authorities/subjects/sh85064872,classical indian culture,India--Civilization,,,,,,,,,,,,,,,,,,,,,,,,,,,,,,,,,,,,,,,,,,,,,,,,,,,,,,
Subject,http://id.loc.gov/authorities/subjects/sh85026704,classical languages,Classical languages,,,,,,,,,,,,,,,,,,,,,,,,,,,,,,,,,,,,,,,,,,,,,,,,,,,,,,
Subject,http://id.loc.gov/authorities/subjects/sh85026706,classical literature,Classical literature,,,,,,,,,,,,,,,,,,,,,,,,,,,,,,,,,,,,,,,,,,,,,,,,,,,,,,
Subject,http://id.loc.gov/authorities/subjects/sh85026711,classical poetry,Classical poetry,,,,,,,,,,,,,,,,,,,,,,,,,,,,,,,,,,,,,,,,,,,,,,,,,,,,,,
Subject,http://id.loc.gov/authorities/subjects/sh85026450,classical studies,"Civilization, Classical",classics,ancient languages,greek and roman history,ancient history,ancient civilization and culture,ancient and modern history,history of the ancient world,ancient celtic history,ancient,roman history,,,,,,,,,,,,,,,,,,,,,,,,,,,,,,,,,,,,,,,,,,,,
Subject,http://id.loc.gov/authorities/subjects/sh85029027,communications,Communication,how to use a telegraph machine,,,,,,,,,,,,,,,,,,,,,,,,,,,,,,,,,,,,,,,,,,,,,,,,,,,,,
Subject,http://id.loc.gov/authorities/subjects/sh85077534,comparative literature,Comparative literature,,,,,,,,,,,,,,,,,,,,,,,,,,,,,,,,,,,,,,,,,,,,,,,,,,,,,,
Subject,http://id.loc.gov/authorities/subjects/sh89003285,computer science,Computer science,,,,,,,,,,,,,,,,,,,,,,,,,,,,,,,,,,,,,,,,,,,,,,,,,,,,,,
Subject,http://id.loc.gov/authorities/subjects/sh85121304,conchology,Shells,,,,,,,,,,,,,,,,,,,,,,,,,,,,,,,,,,,,,,,,,,,,,,,,,,,,,,
Subject,http://id.loc.gov/authorities/subjects/sh2010008400,cookery,Cooking,cooking,cooking desserts,,,,,,,,,,,,,,,,,,,,,,,,,,,,,,,,,,,,,,,,,,,,,,,,,,,,
Subject,http://id.loc.gov/authorities/subjects/sh85033167,cosmography,Cosmography,,,,,,,,,,,,,,,,,,,,,,,,,,,,,,,,,,,,,,,,,,,,,,,,,,,,,,
Subject,http://id.loc.gov/authorities/subjects/sh85033421,counselling,Counseling,,,,,,,,,,,,,,,,,,,,,,,,,,,,,,,,,,,,,,,,,,,,,,,,,,,,,,
Subject,http://id.loc.gov/authorities/subjects/sh85058715,handcrafts,Handcrafts,creative handiwork,crafts,wood carving,,,,,,,,,,,,,,,,,,,,,,,,,,,,,,,,,,,,,,,,,,,,,,,,,,,
Subject,http://id.loc.gov/vocabulary/languages/cze,czech,Czech; Tschechisch,,,,,,,,,,,,,,,,,,,,,,,,,,,,,,,,,,,,,,,,,,,,,,,,,,,,,,
Subject,http://id.loc.gov/authorities/subjects/sh85035659,dance,Dance,danced,dancing,dancer,folkdancing,tap dancing,,,,,,,,,,,,,,,,,,,,,,,,,,,,,,,,,,,,,,,,,,,,,,,,,
Subject,http://id.loc.gov/vocabulary/languages/dan,danish,Danish; Dänisch,,,,,,,,,,,,,,,,,,,,,,,,,,,,,,,,,,,,,,,,,,,,,,,,,,,,,,
Subject,http://id.loc.gov/authorities/subjects/sh85035735,danish literature,Danish literature,,,,,,,,,,,,,,,,,,,,,,,,,,,,,,,,,,,,,,,,,,,,,,,,,,,,,,
Subject,http://id.loc.gov/authorities/childrensSubjects/sj96005290,dante's divine comedy,"Dante Alighieri, 1265-1321. Divine comedy",,,,,,,,,,,,,,,,,,,,,,,,,,,,,,,,,,,,,,,,,,,,,,,,,,,,,,
Subject,http://id.loc.gov/authorities/subjects/sh99005476,decoration,Decoration,,,,,,,,,,,,,,,,,,,,,,,,,,,,,,,,,,,,,,,,,,,,,,,,,,,,,,
Subject,http://id.loc.gov/authorities/subjects/sh99005313,deportment,Conduct of life,,,,,,,,,,,,,,,,,,,,,,,,,,,,,,,,,,,,,,,,,,,,,,,,,,,,,,
Subject,http://id.loc.gov/authorities/subjects/sh85037197,design,Design,development of design,mosaic design,,,,,,,,,,,,,,,,,,,,,,,,,,,,,,,,,,,,,,,,,,,,,,,,,,,,
Subject,http://id.loc.gov/authorities/subjects/sh85037693,dictation,Dictation (Educational method),,,,,,,,,,,,,,,,,,,,,,,,,,,,,,,,,,,,,,,,,,,,,,,,,,,,,,
Subject,http://id.loc.gov/authorities/subjects/sh85061673,domestic economy,Home economics,domestic science,domestic and household skills,,,,,,,,,,,,,,,,,,,,,,,,,,,,,,,,,,,,,,,,,,,,,,,,,,,,
Subject,http://id.loc.gov/authorities/subjects/sh85039316,drama,Drama,dramatic literature,dramatic writing,elizabethan drama,greek drama,modern european drama,,,,,,,,,,,,,,,,,,,,,,,,,,,,,,,,,,,,,,,,,,,,,,,,,
Subject,http://id.loc.gov/authorities/subjects/sh85039408,drawing,Drawing,draw,drawing and the study of perspective,drawing the nude,sketching,model drawing,figure composition,,,,,,,,,,,,,,,,,,,,,,,,,,,,,,,,,,,,,,,,,,,,,,,,
Subject,http://id.loc.gov/authorities/subjects/sh85039517,dressmaking,Dressmaking,dress making,,,,,,,,,,,,,,,,,,,,,,,,,,,,,,,,,,,,,,,,,,,,,,,,,,,,,
Subject,http://id.loc.gov/vocabulary/languages/dut,dutch,Dutch,flemish,,,,,,,,,,,,,,,,,,,,,,,,,,,,,,,,,,,,,,,,,,,,,,,,,,,,,
Subject,http://id.loc.gov/authorities/subjects/sh85040850,economics,Economics,political economy,irish economy,fiscal issues,,,,,,,,,,,,,,,,,,,,,,,,,,,,,,,,,,,,,,,,,,,,,,,,,,,
Subject,http://id.loc.gov/authorities/subjects/sh85041367,egyptology,Egyptology,ancient egyptian,,,,,,,,,,,,,,,,,,,,,,,,,,,,,,,,,,,,,,,,,,,,,,,,,,,,,
Subject,http://id.loc.gov/authorities/subjects/sh85041666,electrical engineering,Electrical engineering,,,,,,,,,,,,,,,,,,,,,,,,,,,,,,,,,,,,,,,,,,,,,,,,,,,,,,
Subject,http://id.loc.gov/authorities/subjects/sh85042633,elocution,Elocution,debating,conversational skill,public speaking,recitation,,,,,,,,,,,,,,,,,,,,,,,,,,,,,,,,,,,,,,,,,,,,,,,,,,
Subject,http://id.loc.gov/authorities/subjects/sh85042701,embroidery,Embroidery,embroidery in silks,embossed embroidery,,,,,,,,,,,,,,,,,,,,,,,,,,,,,,,,,,,,,,,,,,,,,,,,,,,,
Subject,http://id.loc.gov/authorities/subjects/sh85043176,engineering,Engineering,,,,,,,,,,,,,,,,,,,,,,,,,,,,,,,,,,,,,,,,,,,,,,,,,,,,,,
Subject,http://id.loc.gov/authorities/subjects/sh96010368,english,English,english as a second language,english language,english prose and poetry,,,,,,,,,,,,,,,,,,,,,,,,,,,,,,,,,,,,,,,,,,,,,,,,,,,
Subject,http://id.loc.gov/authorities/subjects/sh85043556,english grammar,English language--Grammar,,,,,,,,,,,,,,,,,,,,,,,,,,,,,,,,,,,,,,,,,,,,,,,,,,,,,,
Subject,http://id.loc.gov/authorities/subjects/sh85043777,english literature,English literature,medieval english literature,elizabethan literature,victorian literature,,,,,,,,,,,,,,,,,,,,,,,,,,,,,,,,,,,,,,,,,,,,,,,,,,,
Subject,http://id.loc.gov/authorities/subjects/sh85043932,english poetry,English poetry,english prose and poetry,,,,,,,,,,,,,,,,,,,,,,,,,,,,,,,,,,,,,,,,,,,,,,,,,,,,,
Subject,http://id.loc.gov/authorities/subjects/sh85044125,entomology,Entomology,,,,,,,,,,,,,,,,,,,,,,,,,,,,,,,,,,,,,,,,,,,,,,,,,,,,,,
Subject,http://id.loc.gov/vocabulary/languages/epo,esperanto,Esperanto,,,,,,,,,,,,,,,,,,,,,,,,,,,,,,,,,,,,,,,,,,,,,,,,,,,,,,
Subject,http://id.loc.gov/authorities/subjects/sh85045096,ethics,Ethics,ethical philosophy,moral science,morality,moral philosophy,,,,,,,,,,,,,,,,,,,,,,,,,,,,,,,,,,,,,,,,,,,,,,,,,,
Subject,http://id.loc.gov/authorities/childrensSubjects/sj96005427,etiquette,Etiquette,etiquette and decorum,accomplishments and social graces,civility,social graces,table laying,accomplishments,humility,feminine behaviour,,,,,,,,,,,,,,,,,,,,,,,,,,,,,,,,,,,,,,,,,,,,,,
Subject,http://id.loc.gov/authorities/subjects/sh85045830,european literature,European literature,european literatures,,,,,,,,,,,,,,,,,,,,,,,,,,,,,,,,,,,,,,,,,,,,,,,,,,,,,
Subject,http://id.loc.gov/authorities/subjects/sh00000672,eurythmics,Eurythmics,,,,,,,,,,,,,,,,,,,,,,,,,,,,,,,,,,,,,,,,,,,,,,,,,,,,,,
Subject,http://id.loc.gov/authorities/subjects/sh85047781,fencing,Fencing,,,,,,,,,,,,,,,,,,,,,,,,,,,,,,,,,,,,,,,,,,,,,,,,,,,,,,
Subject,http://id.loc.gov/authorities/subjects/sh99001562,fiction,Fiction,fiction of popular culture,novel,,,,,,,,,,,,,,,,,,,,,,,,,,,,,,,,,,,,,,,,,,,,,,,,,,,,
Subject,http://id.loc.gov/authorities/subjects/sh85048581,first aid,First aid in illness and injury,,,,,,,,,,,,,,,,,,,,,,,,,,,,,,,,,,,,,,,,,,,,,,,,,,,,,,
Subject,http://id.loc.gov/authorities/subjects/sh85074518,foreign languages,Language and languages,european languages,,,,,,,,,,,,,,,,,,,,,,,,,,,,,,,,,,,,,,,,,,,,,,,,,,,,,
Subject,http://id.loc.gov/authorities/subjects/sh85148563,forms of worship,Worship,,,,,,,,,,,,,,,,,,,,,,,,,,,,,,,,,,,,,,,,,,,,,,,,,,,,,,
Subject,http://id.loc.gov/vocabulary/languages/fre,french,French,french language,"french, both oral and written,",french conversation,"french,",french language and literature,elementary french,french linguistics,,,,,,,,,,,,,,,,,,,,,,,,,,,,,,,,,,,,,,,,,,,,,,,
Subject,http://id.loc.gov/authorities/subjects/sh85051865,french literature,French literature,analysis of french literature,french language and literature,french culture,,,,,,,,,,,,,,,,,,,,,,,,,,,,,,,,,,,,,,,,,,,,,,,,,,,
Subject,http://id.loc.gov/vocabulary/languages/gla,gaelic,Scottish Gaelic,gaelic language,,,,,,,,,,,,,,,,,,,,,,,,,,,,,,,,,,,,,,,,,,,,,,,,,,,,,
Subject,http://id.loc.gov/authorities/subjects/sh99001961,games,Games,whist,charades,,,,,,,,,,,,,,,,,,,,,,,,,,,,,,,,,,,,,,,,,,,,,,,,,,,,
Subject,http://id.loc.gov/authorities/subjects/sh85053089,gardening,Gardening,,,,,,,,,,,,,,,,,,,,,,,,,,,,,,,,,,,,,,,,,,,,,,,,,,,,,,
Subject,http://id.loc.gov/authorities/subjects/sh85053986,geography,Geography,british geography,physiography,,,,,,,,,,,,,,,,,,,,,,,,,,,,,,,,,,,,,,,,,,,,,,,,,,,,
Subject,http://id.loc.gov/authorities/subjects/sh85054037,geology,Geology,,,,,,,,,,,,,,,,,,,,,,,,,,,,,,,,,,,,,,,,,,,,,,,,,,,,,,
Subject,http://id.loc.gov/authorities/subjects/sh85054133,geometry,Geometry,,,,,,,,,,,,,,,,,,,,,,,,,,,,,,,,,,,,,,,,,,,,,,,,,,,,,,
Subject,http://id.loc.gov/vocabulary/languages/ger,german,German language,german language,,,,,,,,,,,,,,,,,,,,,,,,,,,,,,,,,,,,,,,,,,,,,,,,,,,,,
Subject,http://id.loc.gov/authorities/subjects/sh85054380,german literature,German literature,,,,,,,,,,,,,,,,,,,,,,,,,,,,,,,,,,,,,,,,,,,,,,,,,,,,,,
Subject,http://id.loc.gov/authorities/subjects/sh85055994,gothic novel,Gothic literature,gothic,,,,,,,,,,,,,,,,,,,,,,,,,,,,,,,,,,,,,,,,,,,,,,,,,,,,,
Subject,http://id.loc.gov/authorities/subjects/sh85056259,grammar,Grammar,parsing,,,,,,,,,,,,,,,,,,,,,,,,,,,,,,,,,,,,,,,,,,,,,,,,,,,,,
Subject,http://id.loc.gov/authorities/subjects/sh85056474,graphic arts,Graphic arts,engraving,etching,,,,,,,,,,,,,,,,,,,,,,,,,,,,,,,,,,,,,,,,,,,,,,,,,,,,
Subject,http://id.loc.gov/authorities/subjects/sh85056495,graphology,Graphology,,,,,,,,,,,,,,,,,,,,,,,,,,,,,,,,,,,,,,,,,,,,,,,,,,,,,,
Subject,http://id.loc.gov/vocabulary/languages/gre,greek,Greek language,greek language,modern greek,,,,,,,,,,,,,,,,,,,,,,,,,,,,,,,,,,,,,,,,,,,,,,,,,,,,
Subject,http://id.loc.gov/authorities/subjects/sh85057171,greek literature,Greek literature,,,,,,,,,,,,,,,,,,,,,,,,,,,,,,,,,,,,,,,,,,,,,,,,,,,,,,
Subject,http://id.loc.gov/authorities/subjects/sh85057187,greek poetry,Greek poetry,,,,,,,,,,,,,,,,,,,,,,,,,,,,,,,,,,,,,,,,,,,,,,,,,,,,,,
Subject,http://id.loc.gov/authorities/subjects/sh85057144,greek tragedy,Greek drama (Tragedy),,,,,,,,,,,,,,,,,,,,,,,,,,,,,,,,,,,,,,,,,,,,,,,,,,,,,,
Subject,http://id.loc.gov/authorities/subjects/sh85058059,gymnastics,Gymnastics,,,,,,,,,,,,,,,,,,,,,,,,,,,,,,,,,,,,,,,,,,,,,,,,,,,,,,
Subject,http://id.loc.gov/vocabulary/languages/heb,hebrew,Hebrew language,,,,,,,,,,,,,,,,,,,,,,,,,,,,,,,,,,,,,,,,,,,,,,,,,,,,,,
Subject,http://id.loc.gov/authorities/subjects/sh85060322,heraldry,Heraldry,,,,,,,,,,,,,,,,,,,,,,,,,,,,,,,,,,,,,,,,,,,,,,,,,,,,,,
Subject,http://id.loc.gov/authorities/subjects/sh85060354,herbal medicine,Herbs--Therapeutic use,,,,,,,,,,,,,,,,,,,,,,,,,,,,,,,,,,,,,,,,,,,,,,,,,,,,,,
Subject,http://id.loc.gov/authorities/subjects/sh85060464,herpetology,Herpetology,,,,,,,,,,,,,,,,,,,,,,,,,,,,,,,,,,,,,,,,,,,,,,,,,,,,,,
Subject,http://id.loc.gov/vocabulary/languages/hin,hindi,Hindi,,,,,,,,,,,,,,,,,,,,,,,,,,,,,,,,,,,,,,,,,,,,,,,,,,,,,,
Subject,http://id.loc.gov/authorities/subjects/sh85060919,hindu sacred texts,"Hindu literature, Sanskrit",ancient sanskrit narratives known as the puranas,,,,,,,,,,,,,,,,,,,,,,,,,,,,,,,,,,,,,,,,,,,,,,,,,,,,,
Subject,http://id.loc.gov/authorities/subjects/sh85061212,history,History,historical,english history,european history,french history,history of france,british history,american history,italian culture and history,italian history,medieval history,middle eastern history,scottish history,,,,,,,,,,,,,,,,,,,,,,,,,,,,,,,,,,,,,,,,,,
Subject,http://id.loc.gov/authorities/subjects/sh85062144,horsemanship,Horsemanship,horse management,horseback riding,grooming and schooling horses,riding,,,,,,,,,,,,,,,,,,,,,,,,,,,,,,,,,,,,,,,,,,,,,,,,,,
Subject,http://id.loc.gov/authorities/subjects/sh85062289,hospital administration,Hospitals--Administration,,,,,,,,,,,,,,,,,,,,,,,,,,,,,,,,,,,,,,,,,,,,,,,,,,,,,,
Subject,http://id.loc.gov/authorities/subjects/sh97003594,house-keeping,Housekeeping,household accomplishments,household management,household skills,house keeping,housework,laundry,,,,,,,,,,,,,,,,,,,,,,,,,,,,,,,,,,,,,,,,,,,,,,,,
Subject,http://id.loc.gov/authorities/subjects/sh85062913,humanities,Humanities,,,,,,,,,,,,,,,,,,,,,,,,,,,,,,,,,,,,,,,,,,,,,,,,,,,,,,
Subject,http://id.loc.gov/authorities/subjects/sh85063493,hydrostatics,Hydrostatics,,,,,,,,,,,,,,,,,,,,,,,,,,,,,,,,,,,,,,,,,,,,,,,,,,,,,,
Subject,http://id.loc.gov/vocabulary/languages/ice,icelandic,Icelandic,,,,,,,,,,,,,,,,,,,,,,,,,,,,,,,,,,,,,,,,,,,,,,,,,,,,,,
Subject,http://id.loc.gov/authorities/subjects/sh85064050,ichthyology,Icthyology,,,,,,,,,,,,,,,,,,,,,,,,,,,,,,,,,,,,,,,,,,,,,,,,,,,,,,
Subject,http://id.loc.gov/authorities/subjects/sh85066752,instruction,Instruction,,,,,,,,,,,,,,,,,,,,,,,,,,,,,,,,,,,,,,,,,,,,,,,,,,,,,,
Subject,http://id.loc.gov/vocabulary/languages/gle,irish,Irish language,irish language,irish gaelic,,,,,,,,,,,,,,,,,,,,,,,,,,,,,,,,,,,,,,,,,,,,,,,,,,,,
Subject,http://id.loc.gov/authorities/subjects/sh85067971,irish civilization,Ireland Civilization,,,,,,,,,,,,,,,,,,,,,,,,,,,,,,,,,,,,,,,,,,,,,,,,,,,,,,
Subject,http://id.loc.gov/authorities/subjects/sh85068032,irish constitution,Ireland--Politics and government,,,,,,,,,,,,,,,,,,,,,,,,,,,,,,,,,,,,,,,,,,,,,,,,,,,,,,
Subject,http://id.loc.gov/authorities/subjects/sh85068390,islamic studies,Islam,,,,,,,,,,,,,,,,,,,,,,,,,,,,,,,,,,,,,,,,,,,,,,,,,,,,,,
Subject,http://id.loc.gov/vocabulary/languages/ita,italian,Italian language,,,,,,,,,,,,,,,,,,,,,,,,,,,,,,,,,,,,,,,,,,,,,,,,,,,,,,
Subject,http://id.loc.gov/authorities/subjects/sh85007718,italian art,Italian art,italian artists,,,,,,,,,,,,,,,,,,,,,,,,,,,,,,,,,,,,,,,,,,,,,,,,,,,,,
Subject,http://id.loc.gov/authorities/subjects/sh85068816,italian literature,Italian literature,italian literatures,italian renaissance literature,,,,,,,,,,,,,,,,,,,,,,,,,,,,,,,,,,,,,,,,,,,,,,,,,,,,
Subject,http://id.loc.gov/authorities/subjects/sh85070736,journalism,Journalism,news writing,,,,,,,,,,,,,,,,,,,,,,,,,,,,,,,,,,,,,,,,,,,,,,,,,,,,,
Subject,http://id.loc.gov/vocabulary/languages/kan,kanarese,Kannada,kannada,,,,,,,,,,,,,,,,,,,,,,,,,,,,,,,,,,,,,,,,,,,,,,,,,,,,,
Subject,http://id.loc.gov/authorities/subjects/sh85072707,knitting,Knitting,,,,,,,,,,,,,,,,,,,,,,,,,,,,,,,,,,,,,,,,,,,,,,,,,,,,,,
Subject,http://id.loc.gov/authorities/subjects/sh2002006384,languages,Languages,language,,,,,,,,,,,,,,,,,,,,,,,,,,,,,,,,,,,,,,,,,,,,,,,,,,,,,
Subject,http://id.loc.gov/authorities/subjects/sh85074944,latin,Latin language,"latin,",latin languages,,,,,,,,,,,,,,,,,,,,,,,,,,,,,,,,,,,,,,,,,,,,,,,,,,,,
Subject,http://id.loc.gov/authorities/subjects/sh85075145,law,Law--Study and teaching,legal studies,law of property,estates,marriage settlements,matrimonial law,,,,,,,,,,,,,,,,,,,,,,,,,,,,,,,,,,,,,,,,,,,,,,,,,
Subject,http://id.loc.gov/authorities/subjects/sh95001341,lesbian and gay historical fiction,Gay and lesbian studies,,,,,,,,,,,,,,,,,,,,,,,,,,,,,,,,,,,,,,,,,,,,,,,,,,,,,,
Subject,http://id.loc.gov/authorities/subjects/sh85076220,letter-writing,Letter writing,letter writing,,,,,,,,,,,,,,,,,,,,,,,,,,,,,,,,,,,,,,,,,,,,,,,,,,,,,
Subject,http://id.loc.gov/authorities/subjects/sh85076723,librarianship,Library science,,,,,,,,,,,,,,,,,,,,,,,,,,,,,,,,,,,,,,,,,,,,,,,,,,,,,,
Subject,http://id.loc.gov/authorities/subjects/sh85077222,linguistics,Linguistics,prosody,,,,,,,,,,,,,,,,,,,,,,,,,,,,,,,,,,,,,,,,,,,,,,,,,,,,,
Subject,http://id.loc.gov/authorities/subjects/sh85077319,lip reading,Lipreading,lipreading,,,,,,,,,,,,,,,,,,,,,,,,,,,,,,,,,,,,,,,,,,,,,,,,,,,,,
Subject,http://id.loc.gov/authorities/subjects/sh85034149,literary criticism,Criticism,,,,,,,,,,,,,,,,,,,,,,,,,,,,,,,,,,,,,,,,,,,,,,,,,,,,,,
Subject,http://id.loc.gov/authorities/subjects/sh85077507,literature,Literature,literatures,literate,ancient and modern literature,literary,literary self education,literary exercises,foreign literature,moral tales,renaissance allegory,restoration literature,romantic literature,contemporary literature,,,,,,,,,,,,,,,,,,,,,,,,,,,,,,,,,,,,,,,,,,
Subject,http://id.loc.gov/authorities/subjects/sh85078106,logic,Logic,formal logic,,,,,,,,,,,,,,,,,,,,,,,,,,,,,,,,,,,,,,,,,,,,,,,,,,,,,
Subject,http://id.loc.gov/vocabulary/languages/may,malay,Malay,,,,,,,,,,,,,,,,,,,,,,,,,,,,,,,,,,,,,,,,,,,,,,,,,,,,,,
Subject,http://id.loc.gov/vocabulary/languages/men,mande,Mende,mende,malinke,bambara,kpelle,,,,,,,,,,,,,,,,,,,,,,,,,,,,,,,,,,,,,,,,,,,,,,,,,,
Subject,http://id.loc.gov/vocabulary/languages/mao,maori,Maori,,,,,,,,,,,,,,,,,,,,,,,,,,,,,,,,,,,,,,,,,,,,,,,,,,,,,,
Subject,http://id.loc.gov/authorities/subjects/sh85082139,mathematics,Mathematics,mathematicks,maths,elementary mathematics,trigonometry,statistics,,,,,,,,,,,,,,,,,,,,,,,,,,,,,,,,,,,,,,,,,,,,,,,,,
Subject,http://id.loc.gov/authorities/subjects/sh85085001,mediæval studies,Middle ages,early middle ages,medieval period,,,,,,,,,,,,,,,,,,,,,,,,,,,,,,,,,,,,,,,,,,,,,,,,,,,,
Subject,http://id.loc.gov/authorities/subjects/sh85083064,medicine,Medicine,medical skills,medical studies,health care,,,,,,,,,,,,,,,,,,,,,,,,,,,,,,,,,,,,,,,,,,,,,,,,,,,
Subject,http://id.loc.gov/vocabulary/languages/fro,medieval french,"French, Old (ca. 842-1300)",medieval french literature,old french,,,,,,,,,,,,,,,,,,,,,,,,,,,,,,,,,,,,,,,,,,,,,,,,,,,,
Subject,http://id.loc.gov/authorities/subjects/sh85077548,medieval literature,"Literature, Medieval",medieval french literature,,,,,,,,,,,,,,,,,,,,,,,,,,,,,,,,,,,,,,,,,,,,,,,,,,,,,
Subject,http://id.loc.gov/authorities/subjects/sh85103721,medieval poetry,"Poetry, Medieval",,,,,,,,,,,,,,,,,,,,,,,,,,,,,,,,,,,,,,,,,,,,,,,,,,,,,,
Subject,http://id.loc.gov/authorities/subjects/sh85084286,metaphysics,Metaphysics,,,,,,,,,,,,,,,,,,,,,,,,,,,,,,,,,,,,,,,,,,,,,,,,,,,,,,
Subject,http://id.loc.gov/authorities/subjects/sh85084334,meteorology,Meteorology,metereology,,,,,,,,,,,,,,,,,,,,,,,,,,,,,,,,,,,,,,,,,,,,,,,,,,,,,
Subject,http://id.loc.gov/authorities/subjects/sh85084783,microbiology,Microbiology,,,,,,,,,,,,,,,,,,,,,,,,,,,,,,,,,,,,,,,,,,,,,,,,,,,,,,
Subject,http://id.loc.gov/vocabulary/languages/enm,middle english,"English, Middle (1100-1500)",,,,,,,,,,,,,,,,,,,,,,,,,,,,,,,,,,,,,,,,,,,,,,,,,,,,,,
Subject,http://id.loc.gov/vocabulary/languages/gmh,middle german,"German, Middle High (ca. 1050-1500)",,,,,,,,,,,,,,,,,,,,,,,,,,,,,,,,,,,,,,,,,,,,,,,,,,,,,,
Subject,http://id.loc.gov/authorities/subjects/sh96006072,midwifery,Midwifery,infant care,,,,,,,,,,,,,,,,,,,,,,,,,,,,,,,,,,,,,,,,,,,,,,,,,,,,,
Subject,http://id.loc.gov/authorities/subjects/sh85085369,milking,Milking,,,,,,,,,,,,,,,,,,,,,,,,,,,,,,,,,,,,,,,,,,,,,,,,,,,,,,
Subject,http://id.loc.gov/authorities/subjects/sh85085409,millinery,Millinery,,,,,,,,,,,,,,,,,,,,,,,,,,,,,,,,,,,,,,,,,,,,,,,,,,,,,,
Subject,http://id.loc.gov/authorities/names/n78095532,milton,"Milton, John, 1608-1674",,,,,,,,,,,,,,,,,,,,,,,,,,,,,,,,,,,,,,,,,,,,,,,,,,,,,,
Subject,http://id.loc.gov/authorities/subjects/sh85085589,mineralogy,Mineralogy,,,,,,,,,,,,,,,,,,,,,,,,,,,,,,,,,,,,,,,,,,,,,,,,,,,,,,
Subject,http://id.loc.gov/authorities/subjects/sh85061236,modern history,"History, Modern",,,,,,,,,,,,,,,,,,,,,,,,,,,,,,,,,,,,,,,,,,,,,,,,,,,,,,
Subject,http://id.loc.gov/authorities/subjects/sh85074583,modern languages,"Languages, Modern",,,,,,,,,,,,,,,,,,,,,,,,,,,,,,,,,,,,,,,,,,,,,,,,,,,,,,
Subject,http://id.loc.gov/authorities/subjects/sh85077552,modern literature,"Literature, Modern",,,,,,,,,,,,,,,,,,,,,,,,,,,,,,,,,,,,,,,,,,,,,,,,,,,,,,
Subject,http://id.loc.gov/authorities/subjects/sh85117343,modern sanskrit poetry,Sanskrit Poetry,,,,,,,,,,,,,,,,,,,,,,,,,,,,,,,,,,,,,,,,,,,,,,,,,,,,,,
Subject,http://id.loc.gov/vocabulary/languages/mon,mongolian,Mongolian,,,,,,,,,,,,,,,,,,,,,,,,,,,,,,,,,,,,,,,,,,,,,,,,,,,,,,
Subject,http://id.loc.gov/authorities/subjects/sh85087369,morse code,Morse code,,,,,,,,,,,,,,,,,,,,,,,,,,,,,,,,,,,,,,,,,,,,,,,,,,,,,,
Subject,http://id.loc.gov/authorities/subjects/sh85088762,music,Music,music composition,musical composition,music theory,balladry,,,,,,,,,,,,,,,,,,,,,,,,,,,,,,,,,,,,,,,,,,,,,,,,,,
Subject,http://id.loc.gov/authorities/subjects/sh85088961,musical instruments,Musical instruments,french horn,lute,mandolin,guitar,harp,harp playing,harpsichord,viola,playing music,playing the lute and theorbo,playing the violin,playing the virginals,"spinet, viol, virginal, and harp, lute",play various instruments,,,,,,,,,,,,,,,,,,,,,,,,,,,,,,,,,,,,,,,,
Subject,http://id.loc.gov/authorities/subjects/sh85089371,mythology,Mythology,classical mythology,classical myth,greek mythology,myth,myths,,,,,,,,,,,,,,,,,,,,,,,,,,,,,,,,,,,,,,,,,,,,,,,,,
Subject,http://id.loc.gov/authorities/subjects/sh85090222,natural history,Natural history,,,,,,,,,,,,,,,,,,,,,,,,,,,,,,,,,,,,,,,,,,,,,,,,,,,,,,
Subject,http://id.loc.gov/authorities/subjects/sh8511855,natural sciences,Science,natural science,,,,,,,,,,,,,,,,,,,,,,,,,,,,,,,,,,,,,,,,,,,,,,,,,,,,,
Subject,http://id.loc.gov/authorities/subjects/sh85090277,nature,Nature,nature study,,,,,,,,,,,,,,,,,,,,,,,,,,,,,,,,,,,,,,,,,,,,,,,,,,,,,
Subject,http://id.loc.gov/authorities/subjects/sh85090425,navigation,Navigation,,,,,,,,,,,,,,,,,,,,,,,,,,,,,,,,,,,,,,,,,,,,,,,,,,,,,,
Subject,http://id.loc.gov/authorities/subjects/sh85090601,needlework,Needlework,needle-work,needle work,needlework lessons,needlepoint,,,,,,,,,,,,,,,,,,,,,,,,,,,,,,,,,,,,,,,,,,,,,,,,,,
Subject,http://id.loc.gov/vocabulary/languages/nor,norwegian,Norwegian,,,,,,,,,,,,,,,,,,,,,,,,,,,,,,,,,,,,,,,,,,,,,,,,,,,,,,
Subject,http://id.loc.gov/authorities/subjects/sh85093362,nursing,Nursing,nurse training,,,,,,,,,,,,,,,,,,,,,,,,,,,,,,,,,,,,,,,,,,,,,,,,,,,,,
Subject,http://id.loc.gov/vocabulary/languages/ang,old english,"English, Old (ca. 450-1100)",old and middle english,anglo saxon,anglo-saxon,,,,,,,,,,,,,,,,,,,,,,,,,,,,,,,,,,,,,,,,,,,,,,,,,,,
Subject,http://id.loc.gov/authorities/subjects/sh85095071,opthalmology,Ophthalmology,ophthalmology,,,,,,,,,,,,,,,,,,,,,,,,,,,,,,,,,,,,,,,,,,,,,,,,,,,,,
Subject,http://id.loc.gov/authorities/subjects/sh85095181,optics,Optics,,,,,,,,,,,,,,,,,,,,,,,,,,,,,,,,,,,,,,,,,,,,,,,,,,,,,,
Subject,http://id.loc.gov/authorities/subjects/sh85095238,oral histories,Oral history,,,,,,,,,,,,,,,,,,,,,,,,,,,,,,,,,,,,,,,,,,,,,,,,,,,,,,
Subject,http://id.loc.gov/authorities/subjects/sh85095799,orthopedics,Orthopedics,orthopaedics,,,,,,,,,,,,,,,,,,,,,,,,,,,,,,,,,,,,,,,,,,,,,,,,,,,,,
Subject,http://id.loc.gov/authorities/subjects/sh85096661,painting,Painting,painter,paint,oil painting,decorative painting,landscape painting,figure painting,miniature painting,flower painting,decorative painting,,,,,,,,,,,,,,,,,,,,,,,,,,,,,,,,,,,,,,,,,,,,,
Subject,http://id.loc.gov/authorities/subjects/sh85097064,paleography,Paleography,palaeography,hieroglyphs,hieroglyphics,,,,,,,,,,,,,,,,,,,,,,,,,,,,,,,,,,,,,,,,,,,,,,,,,,,
Subject,http://id.loc.gov/authorities/subjects/sh85097123,paleontology,Paleontology,,,,,,,,,,,,,,,,,,,,,,,,,,,,,,,,,,,,,,,,,,,,,,,,,,,,,,
Subject,http://id.loc.gov/authorities/subjects/sh85097242,palmistry,Palmistry,,,,,,,,,,,,,,,,,,,,,,,,,,,,,,,,,,,,,,,,,,,,,,,,,,,,,,
Subject,http://id.loc.gov/authorities/subjects/sh85098615,pastry making,Pastry,pastry,,,,,,,,,,,,,,,,,,,,,,,,,,,,,,,,,,,,,,,,,,,,,,,,,,,,,
Subject,http://id.loc.gov/authorities/subjects/sh85098685,pathology,Pathology,,,,,,,,,,,,,,,,,,,,,,,,,,,,,,,,,,,,,,,,,,,,,,,,,,,,,,
Subject,http://id.loc.gov/authorities/subjects/sh85099491,penmanship,Penmanship,hand writing,handwriting,,,,,,,,,,,,,,,,,,,,,,,,,,,,,,,,,,,,,,,,,,,,,,,,,,,,
Subject,http://id.loc.gov/vocabulary/languages/per,persian,Persian,,,,,,,,,,,,,,,,,,,,,,,,,,,,,,,,,,,,,,,,,,,,,,,,,,,,,,
Subject,http://id.loc.gov/authorities/subjects/sh85100084,persian poetry,Persian poetry,,,,,,,,,,,,,,,,,,,,,,,,,,,,,,,,,,,,,,,,,,,,,,,,,,,,,,
Subject,http://id.loc.gov/authorities/subjects/sh85100599,pharmacology,Pharmacology,pharmaceuticals,pharmacy,,,,,,,,,,,,,,,,,,,,,,,,,,,,,,,,,,,,,,,,,,,,,,,,,,,,
Subject,http://id.loc.gov/authorities/subjects/sh85100821,philology,Philology,,,,,,,,,,,,,,,,,,,,,,,,,,,,,,,,,,,,,,,,,,,,,,,,,,,,,,
Subject,http://id.loc.gov/authorities/subjects/sh99005065,philosophy,Philosophy,philosophical,philosophers,"philosophy,",philsophy,plato,epistemology,humanism,structuralism,surrealism,utilitarian principles,german philosophy,,,,,,,,,,,,,,,,,,,,,,,,,,,,,,,,,,,,,,,,,,,
Subject,http://id.loc.gov/authorities/subjects/sh85101206,photography,Photography,photographic studies,,,,,,,,,,,,,,,,,,,,,,,,,,,,,,,,,,,,,,,,,,,,,,,,,,,,,
Subject,http://id.loc.gov/authorities/subjects/sh85101653,physics,Physics,natural philosophy,natural philosophy or science,,,,,,,,,,,,,,,,,,,,,,,,,,,,,,,,,,,,,,,,,,,,,,,,,,,,
Subject,http://id.loc.gov/authorities/subjects/sh85101679,physiology,Physiology,,,,,,,,,,,,,,,,,,,,,,,,,,,,,,,,,,,,,,,,,,,,,,,,,,,,,,
Subject,http://id.loc.gov/authorities/subjects/sh85101568,physiotherapy,Physical therapy,physical therapy,,,,,,,,,,,,,,,,,,,,,,,,,,,,,,,,,,,,,,,,,,,,,,,,,,,,,
Subject,http://id.loc.gov/authorities/subjects/sh85101722,piano,Piano,piano lessons,piano playing,pianoforte,,,,,,,,,,,,,,,,,,,,,,,,,,,,,,,,,,,,,,,,,,,,,,,,,,,
Subject,http://id.loc.gov/authorities/childrensSubjects/sj96006296,plays,Plays,,,,,,,,,,,,,,,,,,,,,,,,,,,,,,,,,,,,,,,,,,,,,,,,,,,,,,
Subject,http://id.loc.gov/authorities/subjects/sh85103704,poetry,Poetry,poetic canon,poetic conventions,poets,poetical reading,poetics,poetry of sappho,,,,,,,,,,,,,,,,,,,,,,,,,,,,,,,,,,,,,,,,,,,,,,,,
Subject,http://id.loc.gov/authorities/subjects/sh2002011436,political science,Politics and government,international relations,political studies,political theory,politics,current affairs,"politics,",government,political philosophy,republicanism,,,,,,,,,,,,,,,,,,,,,,,,,,,,,,,,,,,,,,,,,,,,,
Subject,http://id.loc.gov/vocabulary/languages/por,portuguese,Portuguese,,,,,,,,,,,,,,,,,,,,,,,,,,,,,,,,,,,,,,,,,,,,,,,,,,,,,,
Subject,http://id.loc.gov/authorities/subjects/sh85108411,psychoanalysis,Psychoanalysis,,,,,,,,,,,,,,,,,,,,,,,,,,,,,,,,,,,,,,,,,,,,,,,,,,,,,,
Subject,http://id.loc.gov/authorities/subjects/sh85108459,psychology,Psychology,alfred adler's individual psychology,educational child psychology,mental philosophy,psychopathology,,,,,,,,,,,,,,,,,,,,,,,,,,,,,,,,,,,,,,,,,,,,,,,,,,
Subject,http://id.loc.gov/authorities/subjects/sh85108638,public health,Public health,hygiene,,,,,,,,,,,,,,,,,,,,,,,,,,,,,,,,,,,,,,,,,,,,,,,,,,,,,
Subject,http://id.loc.gov/authorities/subjects/sh85111662,reading,Reading,read,,,,,,,,,,,,,,,,,,,,,,,,,,,,,,,,,,,,,,,,,,,,,,,,,,,,,
Subject,http://id.loc.gov/authorities/subjects/sh85112599,religion,Religions,religious,religious doctrine,comparative religion,religious development,religious knowledge,religious studies,religious study,religious education,religious instruction,study her congregational religion,,,,,,,,,,,,,,,,,,,,,,,,,,,,,,,,,,,,,,,,,,,,
Subject,http://id.loc.gov/authorities/subjects/sh95003058,religious books,Classification--Books--Religion,religious texts,religious polemical literature,religious writing,scripture,,,,,,,,,,,,,,,,,,,,,,,,,,,,,,,,,,,,,,,,,,,,,,,,,,
Subject,http://id.loc.gov/authorities/subjects/sh85113628,rhetoric,Rhetoric,,,,,,,,,,,,,,,,,,,,,,,,,,,,,,,,,,,,,,,,,,,,,,,,,,,,,,
Subject,http://id.loc.gov/authorities/subjects/sh85074966,roman literature,Latin literature,,,,,,,,,,,,,,,,,,,,,,,,,,,,,,,,,,,,,,,,,,,,,,,,,,,,,,
Subject,http://id.loc.gov/vocabulary/languages/rus,russian,Russian; Russisch,,,,,,,,,,,,,,,,,,,,,,,,,,,,,,,,,,,,,,,,,,,,,,,,,,,,,,
Subject,http://id.loc.gov/authorities/subjects/sh85088104,russian film making,Motion pictures--Production and direction,,,,,,,,,,,,,,,,,,,,,,,,,,,,,,,,,,,,,,,,,,,,,,,,,,,,,,
Subject,http://id.loc.gov/authorities/subjects/sh85115986,russian literature,Russian literature,,,,,,,,,,,,,,,,,,,,,,,,,,,,,,,,,,,,,,,,,,,,,,,,,,,,,,
Subject,http://id.loc.gov/vocabulary/languages/san,sanskrit,Sanskrit,,,,,,,,,,,,,,,,,,,,,,,,,,,,,,,,,,,,,,,,,,,,,,,,,,,,,,
Subject,http://id.loc.gov/authorities/subjects/sh85118553,science,Science,sciences,,,,,,,,,,,,,,,,,,,,,,,,,,,,,,,,,,,,,,,,,,,,,,,,,,,,,
Subject,http://id.loc.gov/vocabulary/languages/sco,scots language,Scots,scots,,,,,,,,,,,,,,,,,,,,,,,,,,,,,,,,,,,,,,,,,,,,,,,,,,,,,
Subject,http://id.loc.gov/authorities/subjects/sh85119004,sculpture,Sculpture,sculpting,modelling,,,,,,,,,,,,,,,,,,,,,,,,,,,,,,,,,,,,,,,,,,,,,,,,,,,,
Subject,http://id.loc.gov/authorities/subjects/sh85094192,secretarial course,Office practice,secretarial skills,,,,,,,,,,,,,,,,,,,,,,,,,,,,,,,,,,,,,,,,,,,,,,,,,,,,,
Subject,http://id.loc.gov/authorities/subjects/sh85120542,sewing,Sewing,sew,,,,,,,,,,,,,,,,,,,,,,,,,,,,,,,,,,,,,,,,,,,,,,,,,,,,,
Subject,http://id.loc.gov/authorities/subjects/sh85120549,sex education,Sex,sexually transmitted diseases,,,,,,,,,,,,,,,,,,,,,,,,,,,,,,,,,,,,,,,,,,,,,,,,,,,,,
Subject,http://id.loc.gov/authorities/subjects/sh85120938,shakespearian productions,"Shakespeare, William, 1564-1616--Dramatic production",,,,,,,,,,,,,,,,,,,,,,,,,,,,,,,,,,,,,,,,,,,,,,,,,,,,,,
Subject,http://id.loc.gov/authorities/subjects/sh85121762,shooting,Shooting,handling a gun,,,,,,,,,,,,,,,,,,,,,,,,,,,,,,,,,,,,,,,,,,,,,,,,,,,,,
Subject,http://id.loc.gov/authorities/subjects/sh85121977,shorthand,Shorthand,shorthand typing,shorthand/typing,,,,,,,,,,,,,,,,,,,,,,,,,,,,,,,,,,,,,,,,,,,,,,,,,,,,
Subject,http://id.loc.gov/vocabulary/languages/sgn,signing,Sign languages,,,,,,,,,,,,,,,,,,,,,,,,,,,,,,,,,,,,,,,,,,,,,,,,,,,,,,
Subject,http://id.loc.gov/authorities/subjects/sh85122827,singing,Singing,singer,sing,sang,,,,,,,,,,,,,,,,,,,,,,,,,,,,,,,,,,,,,,,,,,,,,,,,,,,
Subject,http://id.loc.gov/authorities/subjects/sh85124003,social science,Social sciences,social sciences,applied social studies,,,,,,,,,,,,,,,,,,,,,,,,,,,,,,,,,,,,,,,,,,,,,,,,,,,,
Subject,http://id.loc.gov/authorities/subjects/sh85124049,social work,Social service,,,,,,,,,,,,,,,,,,,,,,,,,,,,,,,,,,,,,,,,,,,,,,,,,,,,,,
Subject,http://id.loc.gov/authorities/subjects/sh85124200,sociology,Sociology,,,,,,,,,,,,,,,,,,,,,,,,,,,,,,,,,,,,,,,,,,,,,,,,,,,,,,
Subject,http://id.loc.gov/vocabulary/languages/spa,spanish,Spanish,,,,,,,,,,,,,,,,,,,,,,,,,,,,,,,,,,,,,,,,,,,,,,,,,,,,,,
Subject,http://id.loc.gov/authorities/subjects/sh85126268,spanish literature,Spanish literature,,,,,,,,,,,,,,,,,,,,,,,,,,,,,,,,,,,,,,,,,,,,,,,,,,,,,,
Subject,http://id.loc.gov/authorities/subjects/sh99005058,spelling,Orthography and Spelling,,,,,,,,,,,,,,,,,,,,,,,,,,,,,,,,,,,,,,,,,,,,,,,,,,,,,,
Subject,http://id.loc.gov/authorities/subjects/sh85126779,spiritual learning,Spirituality,meditation,,,,,,,,,,,,,,,,,,,,,,,,,,,,,,,,,,,,,,,,,,,,,,,,,,,,,
Subject,http://id.loc.gov/authorities/subjects/sh85130766,surgery,Surgery,,,,,,,,,,,,,,,,,,,,,,,,,,,,,,,,,,,,,,,,,,,,,,,,,,,,,,
Subject,http://id.loc.gov/vocabulary/languages/swa,swahili,Swahili,,,,,,,,,,,,,,,,,,,,,,,,,,,,,,,,,,,,,,,,,,,,,,,,,,,,,,
Subject,http://id.loc.gov/authorities/subjects/sh85091348,swedenborgianism,New Jerusalem Church,,,,,,,,,,,,,,,,,,,,,,,,,,,,,,,,,,,,,,,,,,,,,,,,,,,,,,
Subject,http://id.loc.gov/vocabulary/languages/swe,swedish,Swedish,,,,,,,,,,,,,,,,,,,,,,,,,,,,,,,,,,,,,,,,,,,,,,,,,,,,,,
Subject,http://id.loc.gov/authorities/subjects/sh85131207,swimming,Swimming,diving,,,,,,,,,,,,,,,,,,,,,,,,,,,,,,,,,,,,,,,,,,,,,,,,,,,,,
Subject,http://id.loc.gov/vocabulary/languages/tah,tahitian,Tahitian,,,,,,,,,,,,,,,,,,,,,,,,,,,,,,,,,,,,,,,,,,,,,,,,,,,,,,
Subject,http://id.loc.gov/vocabulary/languages/tam,tamil,Tamil,,,,,,,,,,,,,,,,,,,,,,,,,,,,,,,,,,,,,,,,,,,,,,,,,,,,,,
Subject,http://id.loc.gov/authorities/subjects/sh85133052,teaching,Teaching,pedagogy,as a teacher,primary education,education,,,,,,,,,,,,,,,,,,,,,,,,,,,,,,,,,,,,,,,,,,,,,,,,,,
Subject,http://id.loc.gov/authorities/subjects/sh85133147,technology,Technology,,,,,,,,,,,,,,,,,,,,,,,,,,,,,,,,,,,,,,,,,,,,,,,,,,,,,,
Subject,http://id.loc.gov/authorities/childrensSubjects/sj00008212,theatre,Theatre,theatre arts,theatrical entertainments,stage craft,,,,,,,,,,,,,,,,,,,,,,,,,,,,,,,,,,,,,,,,,,,,,,,,,,,
Subject,http://id.loc.gov/authorities/subjects/sh85134665,theology,Theology,theological learning,theological,divinity or theology,study the law of god,presbyterian theology,anglican theology,mysticism,controversial theology,,,,,,,,,,,,,,,,,,,,,,,,,,,,,,,,,,,,,,,,,,,,,,
Subject,http://id.loc.gov/authorities/subjects/sh85136958,translating,Translating and interpreting,,,,,,,,,,,,,,,,,,,,,,,,,,,,,,,,,,,,,,,,,,,,,,,,,,,,,,
Subject,http://id.loc.gov/vocabulary/languages/rum,romanian,Romanian,"transylvanian,",,,,,,,,,,,,,,,,,,,,,,,,,,,,,,,,,,,,,,,,,,,,,,,,,,,,,
Subject,http://id.loc.gov/authorities/subjects/sh85137149,travel,Travel,,,,,,,,,,,,,,,,,,,,,,,,,,,,,,,,,,,,,,,,,,,,,,,,,,,,,,
Subject,http://id.loc.gov/vocabulary/languages/tur,turkish,Turkish,,,,,,,,,,,,,,,,,,,,,,,,,,,,,,,,,,,,,,,,,,,,,,,,,,,,,,
Subject,http://id.loc.gov/authorities/subjects/sh85139135,typing,Typewriting,typewriting,,,,,,,,,,,,,,,,,,,,,,,,,,,,,,,,,,,,,,,,,,,,,,,,,,,,,
Subject,http://id.loc.gov/authorities/subjects/sh85062855,understood an humane carcase,Human dissection,,,,,,,,,,,,,,,,,,,,,,,,,,,,,,,,,,,,,,,,,,,,,,,,,,,,,,
Subject,http://id.loc.gov/vocabulary/languages/urd,urdu,Urdu,,,,,,,,,,,,,,,,,,,,,,,,,,,,,,,,,,,,,,,,,,,,,,,,,,,,,,
Subject,http://id.loc.gov/authorities/subjects/sh85142520,vegetarianism,Vegetarianism,,,,,,,,,,,,,,,,,,,,,,,,,,,,,,,,,,,,,,,,,,,,,,,,,,,,,,
Subject,http://id.loc.gov/authorities/subjects/sh85143544,violin,Violin,,,,,,,,,,,,,,,,,,,,,,,,,,,,,,,,,,,,,,,,,,,,,,,,,,,,,,
Subject,http://id.loc.gov/authorities/subjects/sh85144229,voice training,Voice culture,,,,,,,,,,,,,,,,,,,,,,,,,,,,,,,,,,,,,,,,,,,,,,,,,,,,,,
Subject,http://id.loc.gov/authorities/subjects/sh85145673,water colour,Watercolor painting,watercolour painting,water colour sketching,,,,,,,,,,,,,,,,,,,,,,,,,,,,,,,,,,,,,,,,,,,,,,,,,,,,
Subject,http://id.loc.gov/authorities/subjects/sh85145868,weaver,Weaving,weaving,,,,,,,,,,,,,,,,,,,,,,,,,,,,,,,,,,,,,,,,,,,,,,,,,,,,,
Subject,http://id.loc.gov/vocabulary/languages/wel,welsh,Welsh,,,,,,,,,,,,,,,,,,,,,,,,,,,,,,,,,,,,,,,,,,,,,,,,,,,,,,
Subject,http://id.loc.gov/vocabulary/languages/wol,wolof,Wolof,,,,,,,,,,,,,,,,,,,,,,,,,,,,,,,,,,,,,,,,,,,,,,,,,,,,,,
Subject,http://id.loc.gov/authorities/subjects/sh85077531,women's writing,Literature--Women authors,early women's fiction,,,,,,,,,,,,,,,,,,,,,,,,,,,,,,,,,,,,,,,,,,,,,,,,,,,,,
Subject,http://id.loc.gov/authorities/subjects/sh85148201,world history,World history,international history,,,,,,,,,,,,,,,,,,,,,,,,,,,,,,,,,,,,,,,,,,,,,,,,,,,,,
Subject,http://id.loc.gov/authorities/subjects/sh85148637,writing,Writing,writes,write,penmanship,writing a good hand,composition,creative writing,,,,,,,,,,,,,,,,,,,,,,,,,,,,,,,,,,,,,,,,,,,,,,,,
Subject,http://id.loc.gov/authorities/subjects/sh85125129,yiddish songs,"Songs, Yiddish",,,,,,,,,,,,,,,,,,,,,,,,,,,,,,,,,,,,,,,,,,,,,,,,,,,,,,
Subject,http://id.loc.gov/authorities/subjects/sh85149983,zoology,zoology,,,,,,,,,,,,,,,,,,,,,,,,,,,,,,,,,,,,,,,,,,,,,,,,,,,,,,
Subject,http://id.loc.gov/vocabulary/languages/zul,zulu,Zulu,,,,,,,,,,,,,,,,,,,,,,,,,,,,,,,,,,,,,,,,,,,,,,,,,,,,,,