http://id.lincsproject.ca/occupation/occupationType,occupation type,,,,,,,,,,,,,,,,,,,,,,,,,,,,,,,,,,,,,,,,,,,,,,,,,,,,,,,,,,,,,,,,,,,,,,
http://id.lincsproject.ca/occupation/paidOccupation,paid occupation,,,,,,,,,,,,,,,,,,,,,,,,,,,,,,,,,,,,,,,,,,,,,,,,,,,,,,,,,,,,,,,,,,,,,,
http://id.lincsproject.ca/occupation/volunteerOccupation,volunteer occupation,,,,,,,,,,,,,,,,,,,,,,,,,,,,,,,,,,,,,,,,,,,,,,,,,,,,,,,,,,,,,,,,,,,,,,
http://id.lincsproject.ca/occupation/familyBasedOccupation,family based occupation,,,,,,,,,,,,,,,,,,,,,,,,,,,,,,,,,,,,,,,,,,,,,,,,,,,,,,,,,,,,,,,,,,,,,,
http://id.lincsproject.ca/occupation/Occupation,occupation,occupation,,,,,,,,,,,,,,,,,,,,,,,,,,,,,,,,,,,,,,,,,,,,,,,,,,,,,,,,,,,,,,,,,,,,,
http://id.lincsproject.ca/occupation/accountant,family budgeting,family financial manager,agent and accountant,book keeper,household accountant,keeping accounts,management accountant,accountant,,,,,,,,,,,,,,,,,,,,,,,,,,,,,,,,,,,,,,,,,,,,,,,,,,,,,,,,,,,,,,,
http://id.lincsproject.ca/occupation/activist,petitioner,activist against slavery,activist for dissent,activist for the disabled,anti poverty activist,anti slavery activist,anti vivisectionist,child labour activist,christian social activist,civil rights activist,continuing education activist,demonstrator,educational activist,education reformer,housing activist,human rights activist,labour activist,library activist,media activist,medical mission activist,peace activist,political activist,poverty activist,protest organiser,resistance activist,social activist,temperance activist,whistle-blower,workhouse activist,activist,,,,,,,,,,,,,,,,,,,,,,,,,,,,,,,,,,,,,,,,,
http://id.lincsproject.ca/occupation/abolitionist,abolitionist activist,abolitionist worker,abolitionist,,,,,,,,,,,,,,,,,,,,,,,,,,,,,,,,,,,,,,,,,,,,,,,,,,,,,,,,,,,,,,,,,,,,
http://id.lincsproject.ca/occupation/rebel,reformist or revolutionary,freedom fighter,revolutionary,saboteur,rebel,,,,,,,,,,,,,,,,,,,,,,,,,,,,,,,,,,,,,,,,,,,,,,,,,,,,,,,,,,,,,,,,,,
http://id.lincsproject.ca/occupation/adjudicator,selector for the poetry book society,awards judge,contest judge,adjudicator,,,,,,,,,,,,,,,,,,,,,,,,,,,,,,,,,,,,,,,,,,,,,,,,,,,,,,,,,,,,,,,,,,,
http://id.lincsproject.ca/occupation/literaryPrizeAdjudicator,judge for literary prize,judge for literary prizes,judge; literary competition,literary award judge,literary competition judge,adjudicator of literary award,chair of literary prize panel,judge of literary award,judge of literary prize,literary adjudicator,literary awards judge,literary judge,literary prize judge,literary prize adjudicator,,,,,,,,,,,,,,,,,,,,,,,,,,,,,,,,,,,,,,,,,,,,,,,,,,,,,,,,,
http://id.lincsproject.ca/occupation/administrator,principal of institute,administration,administrative officer,health care administrator,hospital administrator,administrator,,,,,,,,,,,,,,,,,,,,,,,,,,,,,,,,,,,,,,,,,,,,,,,,,,,,,,,,,,,,,,,,,
http://id.lincsproject.ca/occupation/advertising,junior press officer,promotional tour,publisher's advertising manager,quaker publicist,advertising manager,assistant press officer,literary publicist,music publicity,political publicist,press assistant,press officer,public relations,public relations specialist,publicist,publicity,publicity agent,publicity assistant,publicity manager,publicity officer,religious publicist,advertising,,,,,,,,,,,,,,,,,,,,,,,,,,,,,,,,,,,,,,,,,,,,,,,,,,
http://id.lincsproject.ca/occupation/agent,chief agent,agent,,,,,,,,,,,,,,,,,,,,,,,,,,,,,,,,,,,,,,,,,,,,,,,,,,,,,,,,,,,,,,,,,,,,,
http://id.lincsproject.ca/occupation/airForce,airforce officer,airForce,,,,,,,,,,,,,,,,,,,,,,,,,,,,,,,,,,,,,,,,,,,,,,,,,,,,,,,,,,,,,,,,,,,,,
http://id.lincsproject.ca/occupation/aircraftIndustry,aeroplane manufacturer,aircraft industry,,,,,,,,,,,,,,,,,,,,,,,,,,,,,,,,,,,,,,,,,,,,,,,,,,,,,,,,,,,,,,,,,,,,,
http://id.lincsproject.ca/occupation/alternativeMedicine,herbalist,alternative medicine,,,,,,,,,,,,,,,,,,,,,,,,,,,,,,,,,,,,,,,,,,,,,,,,,,,,,,,,,,,,,,,,,,,,,
http://id.lincsproject.ca/occupation/ambulanceWorker,ambulance brigade organizer,ambulance brigade president,ambulance assistant,ambulance driver,drove an ambulance,ambulance worker,,,,,,,,,,,,,,,,,,,,,,,,,,,,,,,,,,,,,,,,,,,,,,,,,,,,,,,,,,,,,,,,,
http://id.lincsproject.ca/occupation/appraiser,project appraiser,appraiser,,,,,,,,,,,,,,,,,,,,,,,,,,,,,,,,,,,,,,,,,,,,,,,,,,,,,,,,,,,,,,,,,,,,,
http://id.lincsproject.ca/occupation/archaeologist,director of archaeology in the department of antiquities,palaeontologist,paleontologist,archaeologist,,,,,,,,,,,,,,,,,,,,,,,,,,,,,,,,,,,,,,,,,,,,,,,,,,,,,,,,,,,,,,,,,,,
http://id.lincsproject.ca/occupation/architecture,architectural draftsman,architectural restoration,draftsman,draughter,draughtsman,royal architect,architecture,,,,,,,,,,,,,,,,,,,,,,,,,,,,,,,,,,,,,,,,,,,,,,,,,,,,,,,,,,,,,,,,
http://id.lincsproject.ca/occupation/archivist,archivist,,,,,,,,,,,,,,,,,,,,,,,,,,,,,,,,,,,,,,,,,,,,,,,,,,,,,,,,,,,,,,,,,,,,,,
http://id.lincsproject.ca/occupation/aristocrat,baron,baronet,aristocrat,,,,,,,,,,,,,,,,,,,,,,,,,,,,,,,,,,,,,,,,,,,,,,,,,,,,,,,,,,,,,,,,,,,,
http://id.lincsproject.ca/occupation/knight,knight,,,,,,,,,,,,,,,,,,,,,,,,,,,,,,,,,,,,,,,,,,,,,,,,,,,,,,,,,,,,,,,,,,,,,,
http://id.lincsproject.ca/occupation/army,inspector of army education,army colonel,army commander,army doctor,army officer,army paymaster,army surgeon,billetting officer,cavalry officer,cavalry soldier,army,,,,,,,,,,,,,,,,,,,,,,,,,,,,,,,,,,,,,,,,,,,,,,,,,,,,,,,,,,,,
http://id.lincsproject.ca/occupation/assistant,full time programme assistant,administrative assistant,personal assistant,assistant,,,,,,,,,,,,,,,,,,,,,,,,,,,,,,,,,,,,,,,,,,,,,,,,,,,,,,,,,,,,,,,,,,,
http://id.lincsproject.ca/occupation/associationInvolvement,president of the british club for belgian soldiers,president of the herdwick association,president of the literary ladies club,president of the society of women journalists,club leader,club president,clubman,clubperson,clubwoman,freemason,president of professional association,president of society,president of the society of authors,secretary of literary society,society director,society member,society president,society secretary,society vice president,vice president of society,association involvement,,,,,,,,,,,,,,,,,,,,,,,,,,,,,,,,,,,,,,,,,,,,,,,,,,
http://id.lincsproject.ca/occupation/auctioneer,auctioneer,,,,,,,,,,,,,,,,,,,,,,,,,,,,,,,,,,,,,,,,,,,,,,,,,,,,,,,,,,,,,,,,,,,,,,
http://id.lincsproject.ca/occupation/bankrupt,grande-scale bankrupt,grande scale bankrupt,bankrupt,,,,,,,,,,,,,,,,,,,,,,,,,,,,,,,,,,,,,,,,,,,,,,,,,,,,,,,,,,,,,,,,,,,,
http://id.lincsproject.ca/occupation/beautician,barber,cosmetician,hairdresser,beautician,,,,,,,,,,,,,,,,,,,,,,,,,,,,,,,,,,,,,,,,,,,,,,,,,,,,,,,,,,,,,,,,,,,
http://id.lincsproject.ca/occupation/beauty,pre raphaelite muse,beauty,,,,,,,,,,,,,,,,,,,,,,,,,,,,,,,,,,,,,,,,,,,,,,,,,,,,,,,,,,,,,,,,,,,,,
http://id.lincsproject.ca/occupation/beggar,beggar,,,,,,,,,,,,,,,,,,,,,,,,,,,,,,,,,,,,,,,,,,,,,,,,,,,,,,,,,,,,,,,,,,,,,,
http://id.lincsproject.ca/occupation/bibliophile,bibliophile,,,,,,,,,,,,,,,,,,,,,,,,,,,,,,,,,,,,,,,,,,,,,,,,,,,,,,,,,,,,,,,,,,,,,,
http://id.lincsproject.ca/occupation/billCollector,bill collector,,,,,,,,,,,,,,,,,,,,,,,,,,,,,,,,,,,,,,,,,,,,,,,,,,,,,,,,,,,,,,,,,,,,,,
http://id.lincsproject.ca/occupation/boardMember,board member,,,,,,,,,,,,,,,,,,,,,,,,,,,,,,,,,,,,,,,,,,,,,,,,,,,,,,,,,,,,,,,,,,,,,,
http://id.lincsproject.ca/occupation/broadcasting,broadcasting,broadcaster,,,,,,,,,,,,,,,,,,,,,,,,,,,,,,,,,,,,,,,,,,,,,,,,,,,,,,,,,,,,,,,,,,,,,
http://id.lincsproject.ca/occupation/radioIndustry,recorded programmes assistant,educational radio producer,educational radio programmer,radio announcer,radio broadcaster,radio performer,radio producer,radio industry,,,,,,,,,,,,,,,,,,,,,,,,,,,,,,,,,,,,,,,,,,,,,,,,,,,,,,,,,,,,,,,
http://id.lincsproject.ca/occupation/televisionIndustry,television director,television industry,,,,,,,,,,,,,,,,,,,,,,,,,,,,,,,,,,,,,,,,,,,,,,,,,,,,,,,,,,,,,,,,,,,,,
http://id.lincsproject.ca/occupation/bullionCarrier,bullion carrier,,,,,,,,,,,,,,,,,,,,,,,,,,,,,,,,,,,,,,,,,,,,,,,,,,,,,,,,,,,,,,,,,,,,,,
http://id.lincsproject.ca/occupation/bursar,bursar,,,,,,,,,,,,,,,,,,,,,,,,,,,,,,,,,,,,,,,,,,,,,,,,,,,,,,,,,,,,,,,,,,,,,,
http://id.lincsproject.ca/occupation/business,industrialist/manager,market researcher,small entrepreneur,business agent,business assistant,business entrepreneur,business manager,businessman,businesswoman,company president,entrepeneur,entrepreneur,family business,industrialist,industrialists,market research,marketing,small businessman,business,,,,,,,,,,,,,,,,,,,,,,,,,,,,,,,,,,,,,,,,,,,,,,,,,,,,
http://id.lincsproject.ca/occupation/businessOwner,mail order business,news agency proprietor,pottery magnate,bar owner,barbershop owner,coffee shop owner,colliery owner,factory owner,magazine proprietor,mill owner,mine owner,music shop owner,newspaper magnate,newspaper proprietor,owner of food outlet,proprietor,sex shop owner,shop owner,store owner,business owner,,,,,,,,,,,,,,,,,,,,,,,,,,,,,,,,,,,,,,,,,,,,,,,,,,,
http://id.lincsproject.ca/occupation/butcher,carver (of meat),shochet or ritual butcher,slaughterman,butcher,,,,,,,,,,,,,,,,,,,,,,,,,,,,,,,,,,,,,,,,,,,,,,,,,,,,,,,,,,,,,,,,,,,
http://id.lincsproject.ca/occupation/calligraphy,calligrapher,calligraphist,calligraphy,,,,,,,,,,,,,,,,,,,,,,,,,,,,,,,,,,,,,,,,,,,,,,,,,,,,,,,,,,,,,,,,,,,,
http://id.lincsproject.ca/occupation/captain,captain,,,,,,,,,,,,,,,,,,,,,,,,,,,,,,,,,,,,,,,,,,,,,,,,,,,,,,,,,,,,,,,,,,,,,,
http://id.lincsproject.ca/occupation/seaCaptain,ferryboat captain,ship's captain,whaling captain,sea captain,,,,,,,,,,,,,,,,,,,,,,,,,,,,,,,,,,,,,,,,,,,,,,,,,,,,,,,,,,,,,,,,,,,
http://id.lincsproject.ca/occupation/careGiver,attendant to the blind,cared for the boys,devoting herself to the care of her elderly father,caregiver,elder care,family carer,home care giver,home carer,care giver,,,,,,,,,,,,,,,,,,,,,,,,,,,,,,,,,,,,,,,,,,,,,,,,,,,,,,,,,,,,,,
http://id.lincsproject.ca/occupation/cartoonist,caricaturist,political cartoonist,cartoonist,,,,,,,,,,,,,,,,,,,,,,,,,,,,,,,,,,,,,,,,,,,,,,,,,,,,,,,,,,,,,,,,,,,,
http://id.lincsproject.ca/occupation/censor,bowdlerizer,censor,,,,,,,,,,,,,,,,,,,,,,,,,,,,,,,,,,,,,,,,,,,,,,,,,,,,,,,,,,,,,,,,,,,,,
http://id.lincsproject.ca/occupation/chairperson,chair of academy,chair of international organization,chairman of the authors' lending and copyright society or alcs,chairman of the photographic society,Chairman of the Kitchen Committee,presided over a meeting,vice chair of the british copyright council,vice chairman of the copyright licensing agency,chair,chair of prize panel,chair of social anthropology,chair of society,chair of the greater london arts literature panel,chair of women's organization,chairman,chairwoman,committee chair,committee chairman,deputy chairman,society chair,vice chair,vice chairman,Vice-Chair,chairperson,,,,,,,,,,,,,,,,,,,,,,,,,,,,,,,,,,,,,,,,,,,,,,,
http://id.lincsproject.ca/occupation/chaperone,chaperone,,,,,,,,,,,,,,,,,,,,,,,,,,,,,,,,,,,,,,,,,,,,,,,,,,,,,,,,,,,,,,,,,,,,,,
http://id.lincsproject.ca/occupation/charityWorker,charititable activity,charity organiser,charity organization society,childbirth charity organiser,established a soup kitchen for starving peasants during the great famine,running church or charity bazaars,shelter provision,text distributor,work with women and the poor,charitable causes,charitable donation,charitable giving,charitable worker,charity,charity administrator,charity agent,charity board member,charity campaigner,charity co ordinator,charity management,charity organiser,charity organizer,charity performer,charity representative,charity school supporter,charity speaker,charity work,church and community work,director of charity,president of charity,raise funds for a variety of wartime charities,vice president of charity,charity worker,,,,,,,,,,,,,,,,,,,,,,,,,,,,,,,,,,,,,,
http://id.lincsproject.ca/occupation/chess,international chess master,chess,,,,,,,,,,,,,,,,,,,,,,,,,,,,,,,,,,,,,,,,,,,,,,,,,,,,,,,,,,,,,,,,,,,,,
http://id.lincsproject.ca/occupation/childcare,child recreation manager,childcare guru,worker for children,worker with children,au pair,child care,child carer,child minding,child rearing,child recreation manager,childcare provider,childcare worker,children's home manager,nursemaid,nursery manager,childcare,,,,,,,,,,,,,,,,,,,,,,,,,,,,,,,,,,,,,,,,,,,,,,,,,,,,,,,
http://id.lincsproject.ca/occupation/childcareWork,child recreation manager,children's home manager,nursery manager,childcare work,,,,,,,,,,,,,,,,,,,,,,,,,,,,,,,,,,,,,,,,,,,,,,,,,,,,,,,,,,,,,,,,,,,
http://id.lincsproject.ca/occupation/classicist,amateur classicist,classical scholar,classicist,,,,,,,,,,,,,,,,,,,,,,,,,,,,,,,,,,,,,,,,,,,,,,,,,,,,,,,,,,,,,,,,,,,,
http://id.lincsproject.ca/occupation/cleaner,cleaning lady,domestic cleaner,cleaner,,,,,,,,,,,,,,,,,,,,,,,,,,,,,,,,,,,,,,,,,,,,,,,,,,,,,,,,,,,,,,,,,,,,
http://id.lincsproject.ca/occupation/clericalWork,secretary and registrar,association secretary,clerical,clerical officer,clerk,club secretary,college secretary,executive secretary,factory clerk,factory secretary,filing clerk,hotel receptionist,legal secretary,pay clerk,private secretary,receptionist,scrivener,secretarial work,secretary,shorthand typist,stenographer,town clerk,typist,warehouse clerk,clerical work,,,,,,,,,,,,,,,,,,,,,,,,,,,,,,,,,,,,,,,,,,,,,,
http://id.lincsproject.ca/occupation/clothingProduction,cotton manufacturer,glove manufacturer,hosier,linen manufacturer,weaving manufacturer,woollen manufacturer,clothing production,,,,,,,,,,,,,,,,,,,,,,,,,,,,,,,,,,,,,,,,,,,,,,,,,,,,,,,,,,,,,,,,
http://id.lincsproject.ca/occupation/clothworker,clothworker,,,,,,,,,,,,,,,,,,,,,,,,,,,,,,,,,,,,,,,,,,,,,,,,,,,,,,,,,,,,,,,,,,,,,,
http://id.lincsproject.ca/occupation/cobbler,apprentice shoemaker,shoemaker,shoemaker's assistant,cobbler,,,,,,,,,,,,,,,,,,,,,,,,,,,,,,,,,,,,,,,,,,,,,,,,,,,,,,,,,,,,,,,,,,,
http://id.lincsproject.ca/occupation/dressmaking,dressmaking; seamstress,shirt-maker,clothes mending,dressmaker,dressmaker's apprentice,dressmaking business,seamstress,silk manufacturer,textile manufacturer,dressmaking,,,,,,,,,,,,,,,,,,,,,,,,,,,,,,,,,,,,,,,,,,,,,,,,,,,,,,,,,,,,,
http://id.lincsproject.ca/occupation/glover,glover,,,,,,,,,,,,,,,,,,,,,,,,,,,,,,,,,,,,,,,,,,,,,,,,,,,,,,,,,,,,,,,,,,,,,,
http://id.lincsproject.ca/occupation/tailor,garment worker,tailor,,,,,,,,,,,,,,,,,,,,,,,,,,,,,,,,,,,,,,,,,,,,,,,,,,,,,,,,,,,,,,,,,,,,,
http://id.lincsproject.ca/occupation/merchantTaylor,merchant taylor,,,,,,,,,,,,,,,,,,,,,,,,,,,,,,,,,,,,,,,,,,,,,,,,,,,,,,,,,,,,,,,,,,,,,,
http://id.lincsproject.ca/occupation/collector,collect irish folklore,collecting,collector of china and paintings,anthropological collector,antiquarian,antiquary,art collector,book collector,coin collector,zoological collector,collector,,,,,,,,,,,,,,,,,,,,,,,,,,,,,,,,,,,,,,,,,,,,,,,,,,,,,,,,,,,,
http://id.lincsproject.ca/occupation/committeeMember,committee man,committee president,committee woman,school board member,committee member,,,,,,,,,,,,,,,,,,,,,,,,,,,,,,,,,,,,,,,,,,,,,,,,,,,,,,,,,,,,,,,,,,
http://id.lincsproject.ca/occupation/companion,humble companion,paid companion,companion,un·e camarade,,,,,,,,,,,,,,,,,,,,,,,,,,,,,,,,,,,,,,,,,,,,,,,,,,,,,,,,,,,,,,,,,,,
http://id.lincsproject.ca/occupation/computerWork,computer programmer,database manager,computer work,,,,,,,,,,,,,,,,,,,,,,,,,,,,,,,,,,,,,,,,,,,,,,,,,,,,,,,,,,,,,,,,,,,,
http://id.lincsproject.ca/occupation/confectioner,confectionery production and sale,confectioner,,,,,,,,,,,,,,,,,,,,,,,,,,,,,,,,,,,,,,,,,,,,,,,,,,,,,,,,,,,,,,,,,,,,,
http://id.lincsproject.ca/occupation/connoisseur,art connoisseur,connoisseur,,,,,,,,,,,,,,,,,,,,,,,,,,,,,,,,,,,,,,,,,,,,,,,,,,,,,,,,,,,,,,,,,,,,,
http://id.lincsproject.ca/occupation/conservationist,conservationist,,,,,,,,,,,,,,,,,,,,,,,,,,,,,,,,,,,,,,,,,,,,,,,,,,,,,,,,,,,,,,,,,,,,,,
http://id.lincsproject.ca/occupation/literaryConservationist,literary conservation,literary conservationist,,,,,,,,,,,,,,,,,,,,,,,,,,,,,,,,,,,,,,,,,,,,,,,,,,,,,,,,,,,,,,,,,,,,,
http://id.lincsproject.ca/occupation/construction,bought and refurbished houses,"builder, architect",clerk of the king's works,clerk of the works,builder,builder's assistant,building,building improver,carpenter,construction supervisor,DIY,do it yourself,gothic builder,gothic builder bricklayer,house builder,renovator,road construction supervisor,shipwright,construction,,,,,,,,,,,,,,,,,,,,,,,,,,,,,,,,,,,,,,,,,,,,,,,,,,,,
http://id.lincsproject.ca/occupation/consultant,drug adviser and consultant,management consultant,consultant,,,,,,,,,,,,,,,,,,,,,,,,,,,,,,,,,,,,,,,,,,,,,,,,,,,,,,,,,,,,,,,,,,,,
http://id.lincsproject.ca/occupation/contractor,contractor,,,,,,,,,,,,,,,,,,,,,,,,,,,,,,,,,,,,,,,,,,,,,,,,,,,,,,,,,,,,,,,,,,,,,,
http://id.lincsproject.ca/occupation/cooking,cook,cooking,,,,,,,,,,,,,,,,,,,,,,,,,,,,,,,,,,,,,,,,,,,,,,,,,,,,,,,,,,,,,,,,,,,,,
http://id.lincsproject.ca/occupation/catering,caterer,catering assistant,catering manager,catering,,,,,,,,,,,,,,,,,,,,,,,,,,,,,,,,,,,,,,,,,,,,,,,,,,,,,,,,,,,,,,,,,,,
http://id.lincsproject.ca/occupation/cooper,cooper,,,,,,,,,,,,,,,,,,,,,,,,,,,,,,,,,,,,,,,,,,,,,,,,,,,,,,,,,,,,,,,,,,,,,,
http://id.lincsproject.ca/occupation/copyist,copyists of illuminated manuscripts,copyist of illuminated manuscripts,legal copyist,music copyist,scientific copyist,copyist,,,,,,,,,,,,,,,,,,,,,,,,,,,,,,,,,,,,,,,,,,,,,,,,,,,,,,,,,,,,,,,,,
http://id.lincsproject.ca/occupation/corporateDirector,chairman of railway company,president of the baby and foundling hospital,company director,deputy director,honorary director,managing director,corporate or organizational director,,,,,,,,,,,,,,,,,,,,,,,,,,,,,,,,,,,,,,,,,,,,,,,,,,,,,,,,,,,,,,,,
http://id.lincsproject.ca/occupation/counsellor,counselled hundreds of women,advisor,careers advisor,counseling,educational advisor,student advisor,counsellor,,,,,,,,,,,,,,,,,,,,,,,,,,,,,,,,,,,,,,,,,,,,,,,,,,,,,,,,,,,,,,,,
http://id.lincsproject.ca/occupation/courtier,chamberlain to the king of bavaria,bed chamber woman,groom of the chamber,keeper of the robes,lady in waiting,lady of the bedchamber,courtier,,,,,,,,,,,,,,,,,,,,,,,,,,,,,,,,,,,,,,,,,,,,,,,,,,,,,,,,,,,,,,,,
http://id.lincsproject.ca/occupation/artisan,decorator of reproduction furniture,flower-maker,lampshade maker,craftsperson,arts and crafts,craft work,craftswoman,furniture restorer,handicraft,handicrafts,shellwork,artisan,,,,,,,,,,,,,,,,,,,,,,,,,,,,,,,,,,,,,,,,,,,,,,,,,,,,,,,,,,,
http://id.lincsproject.ca/occupation/leatherWorker,"saddler, shoemaker",leatherworker,saddler,tanner,worker in leather,leather worker,,,,,,,,,,,,,,,,,,,,,,,,,,,,,,,,,,,,,,,,,,,,,,,,,,,,,,,,,,,,,,,,,
http://id.lincsproject.ca/occupation/skinner,skinner,,,,,,,,,,,,,,,,,,,,,,,,,,,,,,,,,,,,,,,,,,,,,,,,,,,,,,,,,,,,,,,,,,,,,,
http://id.lincsproject.ca/occupation/criminal,blackmailer extortionist,confidence trickster,blackmailer,con man,convict,thief,transported criminal,criminal,,,,,,,,,,,,,,,,,,,,,,,,,,,,,,,,,,,,,,,,,,,,,,,,,,,,,,,,,,,,,,,
http://id.lincsproject.ca/occupation/curator,curator of art exhibitions,gallery curator,museum curator,curator,,,,,,,,,,,,,,,,,,,,,,,,,,,,,,,,,,,,,,,,,,,,,,,,,,,,,,,,,,,,,,,,,,,
http://id.lincsproject.ca/occupation/dance,dancer and choreographer,ballet dancer,choreographer,chorus girl,dancer,dance,,,,,,,,,,,,,,,,,,,,,,,,,,,,,,,,,,,,,,,,,,,,,,,,,,,,,,,,,,,,,,,,,
http://id.lincsproject.ca/occupation/dataProcessing,data recorder,encoder,data processing,,,,,,,,,,,,,,,,,,,,,,,,,,,,,,,,,,,,,,,,,,,,,,,,,,,,,,,,,,,,,,,,,,,,
http://id.lincsproject.ca/occupation/decoder,cable decoder,cipher breaker,code breaker,cryptologist,decoder,,,,,,,,,,,,,,,,,,,,,,,,,,,,,,,,,,,,,,,,,,,,,,,,,,,,,,,,,,,,,,,,,,
http://id.lincsproject.ca/occupation/deliveryPerson,dispatch rider,errand boy,messenger girl,newspaper deliverer,delivery person,,,,,,,,,,,,,,,,,,,,,,,,,,,,,,,,,,,,,,,,,,,,,,,,,,,,,,,,,,,,,,,,,,
http://id.lincsproject.ca/occupation/designer,gothicist,house-decorator,prosthetics designer,fabric designer,gothic designer,graphic designer,house decoration,housing designer,interior decorator,interior design,interior designer,designer,,,,,,,,,,,,,,,,,,,,,,,,,,,,,,,,,,,,,,,,,,,,,,,,,,,,,,,,,,,
http://id.lincsproject.ca/occupation/diplomat,ambassador to constantinople,ambassador to france,ambassador to spain,consul general in london for hawaii,oriental secretary,ambassador,attaché,british consul,consul general,diplomatic negotiation,diplomatist,envoy,foreign service,diplomat,,,,,,,,,,,,,,,,,,,,,,,,,,,,,,,,,,,,,,,,,,,,,,,,,,,,,,,,,
http://id.lincsproject.ca/occupation/director,directed,directors,director,,,,,,,,,,,,,,,,,,,,,,,,,,,,,,,,,,,,,,,,,,,,,,,,,,,,,,,,,,,,,,,,,,,,
http://id.lincsproject.ca/occupation/diver,diver,,,,,,,,,,,,,,,,,,,,,,,,,,,,,,,,,,,,,,,,,,,,,,,,,,,,,,,,,,,,,,,,,,,,,,
http://id.lincsproject.ca/occupation/dockyardWork,dock manager,docker,docks manager,dockyard labourer,longshoreman,wharfinger,dockyard work,,,,,,,,,,,,,,,,,,,,,,,,,,,,,,,,,,,,,,,,,,,,,,,,,,,,,,,,,,,,,,,,
http://id.lincsproject.ca/occupation/domesticWork,care of parents,helping at home,kitchen work,managing her households,meal provider,domestic work,,,,,,,,,,,,,,,,,,,,,,,,,,,,,,,,,,,,,,,,,,,,,,,,,,,,,,,,,,,,,,,,,
http://id.lincsproject.ca/occupation/draper,linen draper,master draper,draper,,,,,,,,,,,,,,,,,,,,,,,,,,,,,,,,,,,,,,,,,,,,,,,,,,,,,,,,,,,,,,,,,,,,
http://id.lincsproject.ca/occupation/drinking,daily drinking bouts,drinking and chasing women,alcoholic,drinking problem,drinking,,,,,,,,,,,,,,,,,,,,,,,,,,,,,,,,,,,,,,,,,,,,,,,,,,,,,,,,,,,,,,,,,,
http://id.lincsproject.ca/occupation/drugUse,drug addict,drug user,laudanum addict,drug abuse,,,,,,,,,,,,,,,,,,,,,,,,,,,,,,,,,,,,,,,,,,,,,,,,,,,,,,,,,,,,,,,,,,,
http://id.lincsproject.ca/occupation/editing,edited,edited school texts,editor for religious society,editor of the women's page,editorial,editorship,news subeditor,newspaper sub editor,assistant editor,associate editor,co editor,colonial editor,consulting editor,copy editor,deputy editor,editor,editorial assistant,editorial board member,editorial reader,encyclopedia editor,fashion editor,foreign editor,founding editor,journal editor,literary editor,magazine editor,managing editor,newspaper editor,parish magazine editor,part time editor,periodical editor,poetry editor,proofreader,publisher's editor,publishers' editor,science editor,sub editor,trade journal editor,editing,,,,,,,,,,,,,,,,,,,,,,,,,,,,,,,,
http://id.lincsproject.ca/occupation/education,educational popularizer,educationist,education,,,,,,,,,,,,,,,,,,,,,,,,,,,,,,,,,,,,,,,,,,,,,,,,,,,,,,,,,,,,,,,,,,,,
http://id.lincsproject.ca/occupation/academic,academic and social critic,first woman in scotland to earn a university certificate,greek and hebrew examiner,oxford don,academician,humanist scholar,scholar,academic,,,,,,,,,,,,,,,,,,,,,,,,,,,,,,,,,,,,,,,,,,,,,,,,,,,,,,,,,,,,,,,
http://id.lincsproject.ca/occupation/professor,an active lecturer,british council lecturer,chichele professor of modern history,lecture,lucasian professor of mathematics,professor of poetry at oxford,regius professor of divinity,"taught at oxford, then at cambridge",university teacher of english,assistant lecturer,emeritus professor,law lecturer,lecturer,lecturer in modern languages,professor of archaeology,professor of divinity,professor of english,professor of english language and literature,professor of entomology,professor of fine arts,professor of pathology,professor of poetry,professor of political economy,professor of psychology,professor of singing,university instructor,university professor,university teacher,professor,,,,,,,,,,,,,,,,,,,,,,,,,,,,,,,,,,,,,,,,,,
http://id.lincsproject.ca/occupation/educationalAdministration,associate of newnham college,college governor,college vice president,"dean of trinity college, oxford",demonstrator of anatomy,director of the creative writing program,director of the tulsa center for the study of women's literature,education of her own children,establish schools,established a school for english and american boys,founded st boniface school,founded the derry and raphoe diocesan institution for the education of the deaf and dumb,master of the free school,member of the executive committee of girton college,opened their sunday school,pedagogic theorist,principal of queen's college,principal of the chelsea art school,rector of edinburgh university,running their school,taught,teach,academic programme administrator,college principal,college vice principal,dean,deputy head of school,education,education campaigner,education director,education liaison officer,educational officer,educational theorist,educationalist,educator,examiner,external examiner,head of department,head teacher,headmaster,headmistress,inspectress of schools,lord rector,marker,principal,principal of institute,provost,school administration,school administrator,school director,school governor,school inspector,school management,school manager,school monitor,school organizer,school proprietor,school supervisor,school vice president,sunday school superintendent,sunday school worker,superintendent,superintendent of schools,university chancellor,vice principal,educational administration,,,,,
http://id.lincsproject.ca/occupation/governess,governess,,,,,,,,,,,,,,,,,,,,,,,,,,,,,,,,,,,,,,,,,,,,,,,,,,,,,,,,,,,,,,,,,,,,,,
http://id.lincsproject.ca/occupation/teacher,assistant mistress,first assistant mistress,Mistress of Form IV,art instructor,art teacher,assistant schoolmistress,bible teaching,classical tutor,classics teacher,creative writing teacher,dancing teacher,educational pioneer,elocution teacher,french teacher,geography teacher,giving courses,home educator,housemaster,instructor,music teacher,piano teacher,pupil teacher,religious teacher,school mistress,schoolmaster,schoolmistress,schoolteacher,senior english mistress,singing teacher,sub preceptor,sunday school mistress,sunday school teacher,teacher's assistant,teaching,teaching aide,tutor,tutor in divinity,tutor in languages and belles lettres,tutoring,university tutor,weapons instructor,writing instructor,teacher,,,,,,,,,,,,,,,,,,,,,,,,,,,,
http://id.lincsproject.ca/occupation/elevatorOperator,elevator operator,,,,,,,,,,,,,,,,,,,,,,,,,,,,,,,,,,,,,,,,,,,,,,,,,,,,,,,,,,,,,,,,,,,,,,
http://id.lincsproject.ca/occupation/elocutionist,elocutionist,elucutionist,,,,,,,,,,,,,,,,,,,,,,,,,,,,,,,,,,,,,,,,,,,,,,,,,,,,,,,,,,,,,,,,,,,,,
http://id.lincsproject.ca/occupation/employer,domestic employer,employer,,,,,,,,,,,,,,,,,,,,,,,,,,,,,,,,,,,,,,,,,,,,,,,,,,,,,,,,,,,,,,,,,,,,,
http://id.lincsproject.ca/occupation/employmentAgent,work force recruiter,employment agent,,,,,,,,,,,,,,,,,,,,,,,,,,,,,,,,,,,,,,,,,,,,,,,,,,,,,,,,,,,,,,,,,,,,,
http://id.lincsproject.ca/occupation/engineering,aeronautical engineer,chief engineer,civil engineer,electrical engineer,engineer,engineering firm,marine engineer,mining engineer,motor engineer,radio engineer,railway engineer,engineering,,,,,,,,,,,,,,,,,,,,,,,,,,,,,,,,,,,,,,,,,,,,,,,,,,,,,,,,,,,
http://id.lincsproject.ca/occupation/engraver,wood engraver,engraver,,,,,,,,,,,,,,,,,,,,,,,,,,,,,,,,,,,,,,,,,,,,,,,,,,,,,,,,,,,,,,,,,,,,,
http://id.lincsproject.ca/occupation/equineActivity,clerk of the course,dressage,horse breeder,horse racing,horse trainer,horse-dealing,horsebreaker,horseman,horsemaster,horsewoman,racehorse owner,equine activity,,,,,,,,,,,,,,,,,,,,,,,,,,,,,,,,,,,,,,,,,,,,,,,,,,,,,,,,,,,
http://id.lincsproject.ca/occupation/eventOrganizer,demonstration organiser,local organiser,organized evening lectures for women,bazaar organizer,community organizer,entertainment organizer,exhibition organizer,festival organizer,organizer,peace congress organizer,poetry organizer,event organizer,,,,,,,,,,,,,,,,,,,,,,,,,,,,,,,,,,,,,,,,,,,,,,,,,,,,,,,,,,,
http://id.lincsproject.ca/occupation/exhibitions,bbc drama producer,governor of the bbc,exhibition organiser,exhibitor,exhibitions,,,,,,,,,,,,,,,,,,,,,,,,,,,,,,,,,,,,,,,,,,,,,,,,,,,,,,,,,,,,,,,,,,
http://id.lincsproject.ca/occupation/explorer,adventurer,explorer,,,,,,,,,,,,,,,,,,,,,,,,,,,,,,,,,,,,,,,,,,,,,,,,,,,,,,,,,,,,,,,,,,,,,
http://id.lincsproject.ca/occupation/factoryWorker,black borderer,wine-bottling plant,worked briefly at a wine bottling plant,assembly line worker,factory hand,factory work,kiln fireman,mill worker,factory worker,,,,,,,,,,,,,,,,,,,,,,,,,,,,,,,,,,,,,,,,,,,,,,,,,,,,,,,,,,,,,,
http://id.lincsproject.ca/occupation/farming,agricultural adviser,agriculturalist,apricot ranch,beekeeper,cattle breeder,cattleman,corn inspector,dairy farmer,dairying,farm labour,farm labourer,farm manager,farm worker,farmer,farmers,fruit farmer,fruit picker,husbandman,part time farmer,pig breeder,pig farmer,ranch hand,rancher,sheep breeder,shepherd,smallholder,sugar planter,tenant farmer,farming,,,,,,,,,,,,,,,,,,,,,,,,,,,,,,,,,,,,,,,,,,
http://id.lincsproject.ca/occupation/dairyWork,milker,milkwoman,dairy work,,,,,,,,,,,,,,,,,,,,,,,,,,,,,,,,,,,,,,,,,,,,,,,,,,,,,,,,,,,,,,,,,,,,
http://id.lincsproject.ca/occupation/fashion,leader of fashion,fashion buyer,fashion consultant,fashion designer,fashion,,,,,,,,,,,,,,,,,,,,,,,,,,,,,,,,,,,,,,,,,,,,,,,,,,,,,,,,,,,,,,,,,,
http://id.lincsproject.ca/occupation/fellow,compton fellow of creative writing,creative writing fellowship,fellow of king's college,fellow of the institute of hospital administration,fellow student at the regent street polytechnic,creative writing fellow,creative writing fellowships,fellow of the royal society,visiting fellow,fellow,,,,,,,,,,,,,,,,,,,,,,,,,,,,,,,,,,,,,,,,,,,,,,,,,,,,,,,,,,,,,
http://id.lincsproject.ca/occupation/filmIndustry,continuity clerk,documentarian,documentary film maker,documentary maker,film actor,film assistant,film director,film extra,film maker,film performer,film producer,film stand in,film industry,,,,,,,,,,,,,,,,,,,,,,,,,,,,,,,,,,,,,,,,,,,,,,,,,,,,,,,,,,
http://id.lincsproject.ca/occupation/finance,director and chairman of the bank of new zealand,director of the bank of england,teller at the bank of england,bank clerk,bank director,bank employee,bank manager,bank president,banker,clerk in a bank,financial manager,financier,investment banker,merchant banker,money lender,ship broker,finance,,,,,,,,,,,,,,,,,,,,,,,,,,,,,,,,,,,,,,,,,,,,,,,,,,,,,,
http://id.lincsproject.ca/occupation/firefighter,fire watcher,firefighter,,,,,,,,,,,,,,,,,,,,,,,,,,,,,,,,,,,,,,,,,,,,,,,,,,,,,,,,,,,,,,,,,,,,,
http://id.lincsproject.ca/occupation/firstAid,first aid work,first aid,,,,,,,,,,,,,,,,,,,,,,,,,,,,,,,,,,,,,,,,,,,,,,,,,,,,,,,,,,,,,,,,,,,,,
http://id.lincsproject.ca/occupation/fisherman,fish handler,fisherwoman,fisherman,,,,,,,,,,,,,,,,,,,,,,,,,,,,,,,,,,,,,,,,,,,,,,,,,,,,,,,,,,,,,,,,,,,,
http://id.lincsproject.ca/occupation/fishmonger,fishmonger,,,,,,,,,,,,,,,,,,,,,,,,,,,,,,,,,,,,,,,,,,,,,,,,,,,,,,,,,,,,,,,,,,,,,,
http://id.lincsproject.ca/occupation/fosterParent,foster mother,foster parent,foster-parent,,,,,,,,,,,,,,,,,,,,,,,,,,,,,,,,,,,,,,,,,,,,,,,,,,,,,,,,,,,,,,,,,,,,
http://id.lincsproject.ca/occupation/founder,charity founder,co founder of arlen house press,"co founder of, and remained closely involved in, the writers' action group",educational institution founder,founded,founded a discussion society for ladies,founded day school,founder of charitable society,founder of charitable organizations,founder of school,founder of schools,founder of the key west writers' workshop,founder of the magazines vanity fair and the lady,founder of women's refuge,founder or co founder,founding directors,founding member of the london bach choir,founding the irish confederation,literary society founder,church founder,college founder,company founder,founder of arts centre,founder of benefit society,founder of chapel,founder of charitable organization,founder of club,founder of college,founder of convent,founder of educational organization,founder of literary prize,founder of literary society,founder of organization,founder of prostitutes' home,founder of relief organization,founder of savings bank,founder of sporting club,founder of woman's refuge,founder of women's organization,founder of writer' centre,health society founder,hospice founder,hospital founder,library founder,magazine founder,newspaper founder,nursing home founder,orphanage founder,periodical founder,refuge founder,school founder,society founder,sunday school founder,theatre founder,university founder,founder,,,,,,,,,,,,,,,
http://id.lincsproject.ca/occupation/fundraiser,educational fundraiser,fundraising,hospital fundraiser,fundraiser,,,,,,,,,,,,,,,,,,,,,,,,,,,,,,,,,,,,,,,,,,,,,,,,,,,,,,,,,,,,,,,,,,,
http://id.lincsproject.ca/occupation/gambling,stock exchange gambler,gambler,gambling,,,,,,,,,,,,,,,,,,,,,,,,,,,,,,,,,,,,,,,,,,,,,,,,,,,,,,,,,,,,,,,,,,,,
http://id.lincsproject.ca/occupation/gardener,garden design,gardening,hedge setter,horticulturalist,horticulturist,landscape gardener,gardener,,,,,,,,,,,,,,,,,,,,,,,,,,,,,,,,,,,,,,,,,,,,,,,,,,,,,,,,,,,,,,,,
http://id.lincsproject.ca/occupation/gastronome,gastronome,,,,,,,,,,,,,,,,,,,,,,,,,,,,,,,,,,,,,,,,,,,,,,,,,,,,,,,,,,,,,,,,,,,,,,
http://id.lincsproject.ca/occupation/genealogist,family genealogist,genealogical scholar,genealogist,,,,,,,,,,,,,,,,,,,,,,,,,,,,,,,,,,,,,,,,,,,,,,,,,,,,,,,,,,,,,,,,,,,,
http://id.lincsproject.ca/occupation/gentleman,country gentleman,gentleman,,,,,,,,,,,,,,,,,,,,,,,,,,,,,,,,,,,,,,,,,,,,,,,,,,,,,,,,,,,,,,,,,,,,,
http://id.lincsproject.ca/occupation/geographer,geographer,,,,,,,,,,,,,,,,,,,,,,,,,,,,,,,,,,,,,,,,,,,,,,,,,,,,,,,,,,,,,,,,,,,,,,
http://id.lincsproject.ca/occupation/glassWorker,lens-maker,glass stainer,glassworks,glazier,stained glass designer,glass worker,,,,,,,,,,,,,,,,,,,,,,,,,,,,,,,,,,,,,,,,,,,,,,,,,,,,,,,,,,,,,,,,,
http://id.lincsproject.ca/occupation/government,government fishery advisor,elected,government adviser,representative,served in the legislature,government,,,,,,,,,,,,,,,,,,,,,,,,,,,,,,,,,,,,,,,,,,,,,,,,,,,,,,,,,,,,,,,,,
http://id.lincsproject.ca/occupation/colonialOfficial,chairman of the east india company,india agent,lord deputy of ireland,registrar of the naval prize court in bermuda,upper canada's first vice chancellor,viceroy of india,viceroy of ireland,colonial administrator,colonial civil servant,colonial magistrate,colonial manager,colonial officer,colonial organizer,colonial prime minister,lieutenantGovernor,colonial official,,,,,,,,,,,,,,,,,,,,,,,,,,,,,,,,,,,,,,,,,,,,,,,,,,,,,,,
http://id.lincsproject.ca/occupation/governmentOfficial,deputy director of the women's branch of the ministry of agriculture,deputy keeper of her majesty's records,deputy theatre censor,director general of the tapu land registry,east india company officer,magistrate for the county of middlesex,master of the savoy,secretary of the fine arts commission,secretary of the royal united service institution,secretary to the lord keeper of the great seal of england,civic work,civil servant,coroner,county court bailiff,custos rotulorum,distributor of stamps,exchequer clerk,executive councillor,government employee,health officer,international delegate,local government clerk,member of the indian civil service,poor law guardian,prison governor,prison guard,queen's champion,queen's messenger,registrar,registrar of births and deaths,resident magistrate,sanitary inspector,secretary to parliamentary commission,senior civil servant,sequestrator,sheriff clerk,town planner,traffic superintendent,government official,,,,,,,,,,,,,,,,,,,,,,,,,,,,,,,,
http://id.lincsproject.ca/occupation/attorneyGeneral,attorney general of ireland,attorney general,,,,,,,,,,,,,,,,,,,,,,,,,,,,,,,,,,,,,,,,,,,,,,,,,,,,,,,,,,,,,,,,,,,,,
http://id.lincsproject.ca/occupation/commissioner,member of Royal Commission,bankruptcy commissioner,commissioner of bankruptcy,commissioner of customs,commissioner of inland revenue,commissioner of the dockyards,customs commissioner,excise commissioner,parliamentary commissioner,commissioner,,,,,,,,,,,,,,,,,,,,,,,,,,,,,,,,,,,,,,,,,,,,,,,,,,,,,,,,,,,,,
http://id.lincsproject.ca/occupation/magistrate,judicial officer,justice of the peace,magistrate,,,,,,,,,,,,,,,,,,,,,,,,,,,,,,,,,,,,,,,,,,,,,,,,,,,,,,,,,,,,,,,,,,,,
http://id.lincsproject.ca/occupation/taxOfficial,commissioner of taxes,customs inspector,customs officer,customs official,exciseman,tax official,,,,,,,,,,,,,,,,,,,,,,,,,,,,,,,,,,,,,,,,,,,,,,,,,,,,,,,,,,,,,,,,,
http://id.lincsproject.ca/occupation/higherGovernment,ambassador and plenipotentiary,bavarian minister,high commissioner of south africa,scottish education secretary,served on the royal commission on capital punishment,ulster king of arms,vice president of the usa,cabinet minister,chancellor of the exchequer,civil lord of the admiralty,colonial governor,colonial secretary,congressman,director general of finance,foreign secretary,foreign service,government minister,governor of barbados,governor of bombay,governor of tasmania,labour minister,league of nations delegate,legislator,lieutenant governor of guernsey,lord keeper,lord keeper of the great seal of england,lord lieutenant,lord lieutenant of ireland,master of the horse,member of congress,member of the house of lords,minister of food,parliamentary private secretary,president of the united nations general assembly,privy councillor,regent,royal adviser,royal lieutenant,royal representative,secretary of state,secretary of state for ireland,secretary of state for war,senator,state governor,statesman,under secretary for the colonies,vice chancellor,warden of the mint,higher government,,,,,,,,,,,,,,,,,,,,,,
http://id.lincsproject.ca/occupation/governorGeneral,governor general of canada,governor general of india,governor general,,,,,,,,,,,,,,,,,,,,,,,,,,,,,,,,,,,,,,,,,,,,,,,,,,,,,,,,,,,,,,,,,,,,
http://id.lincsproject.ca/occupation/headOfState,presidents of the united states,prime minister of the cape colony,president of the usa,prime minister,head of state,,,,,,,,,,,,,,,,,,,,,,,,,,,,,,,,,,,,,,,,,,,,,,,,,,,,,,,,,,,,,,,,,,
http://id.lincsproject.ca/occupation/lordChamberlain,lord chamberlain,,,,,,,,,,,,,,,,,,,,,,,,,,,,,,,,,,,,,,,,,,,,,,,,,,,,,,,,,,,,,,,,,,,,,,
http://id.lincsproject.ca/occupation/memberOfParliament,conservative mp,labour mp,liberal member of parliament,liberal mp,member of parliament and politician,member of parliament for nottingham,members of parliament,mp,member of parliament,,,,,,,,,,,,,,,,,,,,,,,,,,,,,,,,,,,,,,,,,,,,,,,,,,,,,,,,,,,,,,
http://id.lincsproject.ca/occupation/monarch,king,queen,monarch,,,,,,,,,,,,,,,,,,,,,,,,,,,,,,,,,,,,,,,,,,,,,,,,,,,,,,,,,,,,,,,,,,,,
http://id.lincsproject.ca/occupation/localGovernment,assistant director of education in the london county council,lieutenant of the tower of london,london county councillor,member of the bury st edmunds borough council,radicalist member of the london school board,recorder of newcastle under lyme,town corporator or councillor,alderman,city councillor,city counsellor,council member,councillor,local councillor,local government magnate,local government official,local politician,town corporator,local government,,,,,,,,,,,,,,,,,,,,,,,,,,,,,,,,,,,,,,,,,,,,,,,,,,,,,
http://id.lincsproject.ca/occupation/regionalGovernment,assistant secretary for education in northamptonshire,deputy lieutenant of dunbartonshire,director general of the tapu land registry,governor of massachusetts,high sheriff for county antrim,lord president of the council of the marches of wales,magistrate for the county of middlesex,secretary for education in oxfordshire,county councillor,deputy lord lieutenant,deputy recorder of northamptonshire,regional government,,,,,,,,,,,,,,,,,,,,,,,,,,,,,,,,,,,,,,,,,,,,,,,,,,,,,,,,,,,
http://id.lincsproject.ca/occupation/grocer,royal grocer,grocer,,,,,,,,,,,,,,,,,,,,,,,,,,,,,,,,,,,,,,,,,,,,,,,,,,,,,,,,,,,,,,,,,,,,,
http://id.lincsproject.ca/occupation/guardian,guardian,,,,,,,,,,,,,,,,,,,,,,,,,,,,,,,,,,,,,,,,,,,,,,,,,,,,,,,,,,,,,,,,,,,,,,
http://id.lincsproject.ca/occupation/haberdasher,haberdasher,,,,,,,,,,,,,,,,,,,,,,,,,,,,,,,,,,,,,,,,,,,,,,,,,,,,,,,,,,,,,,,,,,,,,,
http://id.lincsproject.ca/occupation/handwritingExpert,handwriting expert,,,,,,,,,,,,,,,,,,,,,,,,,,,,,,,,,,,,,,,,,,,,,,,,,,,,,,,,,,,,,,,,,,,,,,
http://id.lincsproject.ca/occupation/healthCareProvider,assistant in medical care,contact healing,medical coder,medical pioneer,obstetrical assistant,pregnancy tester,support an infirmary,contact healing,dental assistant,doctor's assistant,health service administrator,health worker,healthcare worker,hospital aide,hospital almoner,hospital director,hospital porter,hospital worker,inoculator,medical administrator,medical aide,medical assistant,medical officer,medical worker,medicine,healthcare provider,,,,,,,,,,,,,,,,,,,,,,,,,,,,,,,,,,,,,,,,,,,,,
http://id.lincsproject.ca/occupation/dentist,dentist,,,,,,,,,,,,,,,,,,,,,,,,,,,,,,,,,,,,,,,,,,,,,,,,,,,,,,,,,,,,,,,,,,,,,,
http://id.lincsproject.ca/occupation/medicalDoctor,"physician, surgeon",cardiologist,doctor,eye and ear specialist,eye surgeon,gastric surgeon,general practitioner,gynaecologist,homeopathic doctor,immunologist,medical practice,medical practitioner,obstetrician,orthopaedic surgeon,physician,royal physician,surgeon,surgeon general,surgery,medical doctor,,,,,,,,,,,,,,,,,,,,,,,,,,,,,,,,,,,,,,,,,,,,,,,,,,,
http://id.lincsproject.ca/occupation/midwife,midwifery organizer,midwife,,,,,,,,,,,,,,,,,,,,,,,,,,,,,,,,,,,,,,,,,,,,,,,,,,,,,,,,,,,,,,,,,,,,,
http://id.lincsproject.ca/occupation/nursing,fn helped found the east london nursing society.,"in 1877 she nursed george odger, the first parliamentary labour candidate, during his fatal illness.","nurse, carer",nurses,carer,nurse,nursing aide,nursing organizer,nursing supervisor,vad,vad worker,nursing,,,,,,,,,,,,,,,,,,,,,,,,,,,,,,,,,,,,,,,,,,,,,,,,,,,,,,,,,,,
http://id.lincsproject.ca/occupation/wetNurse,wet nurse,,,,,,,,,,,,,,,,,,,,,,,,,,,,,,,,,,,,,,,,,,,,,,,,,,,,,,,,,,,,,,,,,,,,,,
http://id.lincsproject.ca/occupation/redCross,president of the Hertford Branch of the British Red Cross Society.,red cross aide,red cross representative,red cross worker,red cross,,,,,,,,,,,,,,,,,,,,,,,,,,,,,,,,,,,,,,,,,,,,,,,,,,,,,,,,,,,,,,,,,,
http://id.lincsproject.ca/occupation/historian,historians,historical expertise,architectural historian,art historian,family archivist,family historian,furniture historian,historical researcher,historical scholar,irish historian,local historian,medievalist,music historian,historian,,,,,,,,,,,,,,,,,,,,,,,,,,,,,,,,,,,,,,,,,,,,,,,,,,,,,,,,,
http://id.lincsproject.ca/occupation/hospitality,coffee house keeper,hostel forewoman,"hostess, salonnière",pot girl,alehouse keeper,cafe manager,club employee,coffee house keeper,guesthouse keeper,hotel keeper,hotel manager,hotel proprietor,hotel worker,hotelier,inn,innkeeper,lodging house keeper,restaurant manager,restaurant owner,tavern keeper,hospitality,,,,,,,,,,,,,,,,,,,,,,,,,,,,,,,,,,,,,,,,,,,,,,,,,,
http://id.lincsproject.ca/occupation/hostess,hostess for her father,"hostess, salonnière",entertaining,literary hostess,nightclub hostess,salonniere,salonnière,society hostess,hostess,,,,,,,,,,,,,,,,,,,,,,,,,,,,,,,,,,,,,,,,,,,,,,,,,,,,,,,,,,,,,,
http://id.lincsproject.ca/occupation/housePainter,house painter,,,,,,,,,,,,,,,,,,,,,,,,,,,,,,,,,,,,,,,,,,,,,,,,,,,,,,,,,,,,,,,,,,,,,,
http://id.lincsproject.ca/occupation/houseSitter,house sitter,,,,,,,,,,,,,,,,,,,,,,,,,,,,,,,,,,,,,,,,,,,,,,,,,,,,,,,,,,,,,,,,,,,,,,
http://id.lincsproject.ca/occupation/housekeeper,household management,housekeeping,mistress of a household,state housekeeper,housekeeper,,,,,,,,,,,,,,,,,,,,,,,,,,,,,,,,,,,,,,,,,,,,,,,,,,,,,,,,,,,,,,,,,,
http://id.lincsproject.ca/occupation/boardingHouseKeeper,established boarding houses,boarding house manager,boarding house keeper,,,,,,,,,,,,,,,,,,,,,,,,,,,,,,,,,,,,,,,,,,,,,,,,,,,,,,,,,,,,,,,,,,,,
http://id.lincsproject.ca/occupation/housework,housework,,,,,,,,,,,,,,,,,,,,,,,,,,,,,,,,,,,,,,,,,,,,,,,,,,,,,,,,,,,,,,,,,,,,,,
http://id.lincsproject.ca/occupation/humanitarianWork,distribution of medical supplies,humanitarian worker,international aid worker,humanitarian work,,,,,,,,,,,,,,,,,,,,,,,,,,,,,,,,,,,,,,,,,,,,,,,,,,,,,,,,,,,,,,,,,,,
http://id.lincsproject.ca/occupation/hypnotist,hypnotism,hypnotist,,,,,,,,,,,,,,,,,,,,,,,,,,,,,,,,,,,,,,,,,,,,,,,,,,,,,,,,,,,,,,,,,,,,,
http://id.lincsproject.ca/occupation/illustrator,creator of etchings to illustrate,advertisement illustrator,illustrator of children's books,illustrator,,,,,,,,,,,,,,,,,,,,,,,,,,,,,,,,,,,,,,,,,,,,,,,,,,,,,,,,,,,,,,,,,,,
http://id.lincsproject.ca/occupation/immunologist,immunologist,,,,,,,,,,,,,,,,,,,,,,,,,,,,,,,,,,,,,,,,,,,,,,,,,,,,,,,,,,,,,,,,,,,,,,
http://id.lincsproject.ca/occupation/insurance,insurance agent,insurance broker,insurance clerk,insurance collector,insurance inspector,insurance manager,insurance salesman,insurance underwriter,insurance,,,,,,,,,,,,,,,,,,,,,,,,,,,,,,,,,,,,,,,,,,,,,,,,,,,,,,,,,,,,,,
http://id.lincsproject.ca/occupation/intellectual,polymath,rationalist,intellectual,labour intellectual,learned woman,public intellectual,,,,,,,,,,,,,,,,,,,,,,,,,,,,,,,,,,,,,,,,,,,,,,,,,,,,,,,,,,,,,,,,,
http://id.lincsproject.ca/occupation/intelligenceWork,espionage worker,intelligence,intelligence agent,intelligence expert,intelligence officer,secret agent,spy,spying,intelligence work,,,,,,,,,,,,,,,,,,,,,,,,,,,,,,,,,,,,,,,,,,,,,,,,,,,,,,,,,,,,,,
http://id.lincsproject.ca/occupation/interviewer,interviewer,,,,,,,,,,,,,,,,,,,,,,,,,,,,,,,,,,,,,,,,,,,,,,,,,,,,,,,,,,,,,,,,,,,,,,
http://id.lincsproject.ca/occupation/inventor,inventing,technological innovator,inventor,,,,,,,,,,,,,,,,,,,,,,,,,,,,,,,,,,,,,,,,,,,,,,,,,,,,,,,,,,,,,,,,,,,,
http://id.lincsproject.ca/occupation/investor,financial backer,market speculator,share holder,speculator,stock investor,stockbroker,investor,,,,,,,,,,,,,,,,,,,,,,,,,,,,,,,,,,,,,,,,,,,,,,,,,,,,,,,,,,,,,,,,
http://id.lincsproject.ca/occupation/ironmaster,ironmaster,,,,,,,,,,,,,,,,,,,,,,,,,,,,,,,,,,,,,,,,,,,,,,,,,,,,,,,,,,,,,,,,,,,,,,
http://id.lincsproject.ca/occupation/ironmonger,ironmonger,,,,,,,,,,,,,,,,,,,,,,,,,,,,,,,,,,,,,,,,,,,,,,,,,,,,,,,,,,,,,,,,,,,,,,
http://id.lincsproject.ca/occupation/journalist,clippings clerk,columnist,correspondent,crime reporter,foreign correspondent,free lance journalist,journalism,media journalist,newspaper assistant,newspaper correspondent,parliamentary reporter,reporter,socialist journalist,staff writer,trade journalist,war correspondent,war reporter,women's columnist,journalist,,,,,,,,,,,,,,,,,,,,,,,,,,,,,,,,,,,,,,,,,,,,,,,,,,,,
http://id.lincsproject.ca/occupation/judge,chief justice of the king's bench,county court judgeship,lord chief justice of ireland,court official,judge of probate,puisne judge,judge,,,,,,,,,,,,,,,,,,,,,,,,,,,,,,,,,,,,,,,,,,,,,,,,,,,,,,,,,,,,,,,,
http://id.lincsproject.ca/occupation/labourUnion,general secretary of the empire press union,trade union delegate,trade union leader,trade union organizer,trade unionist,union member,union organizer,union representative,labour union,,,,,,,,,,,,,,,,,,,,,,,,,,,,,,,,,,,,,,,,,,,,,,,,,,,,,,,,,,,,,,
http://id.lincsproject.ca/occupation/laundryWorker,laundress,laundry manager,washerwoman,laundry worker,,,,,,,,,,,,,,,,,,,,,,,,,,,,,,,,,,,,,,,,,,,,,,,,,,,,,,,,,,,,,,,,,,,
http://id.lincsproject.ca/occupation/lawEnforcement,high sheriff,high sheriff of county cork,high sheriff of hertfordshire,high sheriff of kent,high sheriff of yorkshire,high sherriff of county,sherif of westmorland,sheriff depute,under sheriff of suffolk,chief constable,mounted police,police commissioner,police officer,sheriff,town constable,law enforcement,,,,,,,,,,,,,,,,,,,,,,,,,,,,,,,,,,,,,,,,,,,,,,,,,,,,,,,
http://id.lincsproject.ca/occupation/coastGuard,coast guard,coastguard,,,,,,,,,,,,,,,,,,,,,,,,,,,,,,,,,,,,,,,,,,,,,,,,,,,,,,,,,,,,,,,,,,,,,
http://id.lincsproject.ca/occupation/legalWork,clerk of the court,law clerk,lawyer's clerk,legal adviser,legal advisor,legal aid worker,legal assistant,legal clerk,legal expert,legal scholar,solicitor's clerk,legal work,,,,,,,,,,,,,,,,,,,,,,,,,,,,,,,,,,,,,,,,,,,,,,,,,,,,,,,,,,,
http://id.lincsproject.ca/occupation/lawyer,patents lawyer,apprentice attorney,attorney,barrister,chancery barrister,solicitor,lawyer,,,,,,,,,,,,,,,,,,,,,,,,,,,,,,,,,,,,,,,,,,,,,,,,,,,,,,,,,,,,,,,,
http://id.lincsproject.ca/occupation/liaisonOfficer,"liaison officer, correspondent to cairo",liaison officer,,,,,,,,,,,,,,,,,,,,,,,,,,,,,,,,,,,,,,,,,,,,,,,,,,,,,,,,,,,,,,,,,,,,,
http://id.lincsproject.ca/occupation/librarian,director of the camps library,keeper of the bodleian library,royal academy's librarian,vice president of the london library,cataloguer,county librarian,librarian,,,,,,,,,,,,,,,,,,,,,,,,,,,,,,,,,,,,,,,,,,,,,,,,,,,,,,,,,,,,,,,,
http://id.lincsproject.ca/occupation/linguist,grammarian,linguistic reader,linguistic researcher,linguist,,,,,,,,,,,,,,,,,,,,,,,,,,,,,,,,,,,,,,,,,,,,,,,,,,,,,,,,,,,,,,,,,,,
http://id.lincsproject.ca/occupation/literaryAgent,amateur literary agent,literary advisor,literary agent,,,,,,,,,,,,,,,,,,,,,,,,,,,,,,,,,,,,,,,,,,,,,,,,,,,,,,,,,,,,,,,,,,,,
http://id.lincsproject.ca/occupation/literaryAssistant,writer's assistant,literary assistant,,,,,,,,,,,,,,,,,,,,,,,,,,,,,,,,,,,,,,,,,,,,,,,,,,,,,,,,,,,,,,,,,,,,,
http://id.lincsproject.ca/occupation/literaryExecutor,literary executrix,literary executor,,,,,,,,,,,,,,,,,,,,,,,,,,,,,,,,,,,,,,,,,,,,,,,,,,,,,,,,,,,,,,,,,,,,,
http://id.lincsproject.ca/occupation/literaryForger,forger,literary forger,,,,,,,,,,,,,,,,,,,,,,,,,,,,,,,,,,,,,,,,,,,,,,,,,,,,,,,,,,,,,,,,,,,,,
http://id.lincsproject.ca/occupation/literaryGroupParticipant,chair of literary society,dramatic society president,running writers' group,workshop participant,literary group participant,,,,,,,,,,,,,,,,,,,,,,,,,,,,,,,,,,,,,,,,,,,,,,,,,,,,,,,,,,,,,,,,,,
http://id.lincsproject.ca/occupation/bookclubParticipatant,member of the new english art club,book club founder,book club organizer,book society member,bookclub president,bookclub participation,,,,,,,,,,,,,,,,,,,,,,,,,,,,,,,,,,,,,,,,,,,,,,,,,,,,,,,,,,,,,,,,,
http://id.lincsproject.ca/occupation/literaryScholar,folklorist,literary historian,literary research,literary researcher,literary theorist,philologist,literary scholar,,,,,,,,,,,,,,,,,,,,,,,,,,,,,,,,,,,,,,,,,,,,,,,,,,,,,,,,,,,,,,,,
http://id.lincsproject.ca/occupation/litigant,litigant,,,,,,,,,,,,,,,,,,,,,,,,,,,,,,,,,,,,,,,,,,,,,,,,,,,,,,,,,,,,,,,,,,,,,,
http://id.lincsproject.ca/occupation/logger,logger,,,,,,,,,,,,,,,,,,,,,,,,,,,,,,,,,,,,,,,,,,,,,,,,,,,,,,,,,,,,,,,,,,,,,,
http://id.lincsproject.ca/occupation/lordChancellor,lord chancellor,,,,,,,,,,,,,,,,,,,,,,,,,,,,,,,,,,,,,,,,,,,,,,,,,,,,,,,,,,,,,,,,,,,,,,
http://id.lincsproject.ca/occupation/machineWork,fitter,mechanician,machineWork,,,,,,,,,,,,,,,,,,,,,,,,,,,,,,,,,,,,,,,,,,,,,,,,,,,,,,,,,,,,,,,,,,,,
http://id.lincsproject.ca/occupation/maidOfHonour,maid of honour,,,,,,,,,,,,,,,,,,,,,,,,,,,,,,,,,,,,,,,,,,,,,,,,,,,,,,,,,,,,,,,,,,,,,,
http://id.lincsproject.ca/occupation/manager,shipping company manager,supervising,vice president of beauty without cruelty,factory manager,factory supervisor,managed,office manager,supervisor,manager,,,,,,,,,,,,,,,,,,,,,,,,,,,,,,,,,,,,,,,,,,,,,,,,,,,,,,,,,,,,,,
http://id.lincsproject.ca/occupation/artsAdministrator,director of the national gallery,joint chairman of the writers' guild of great britain,art acquisitions officer,arts administrator,arts centre director,arts festival director,musical manager,arts manager,,,,,,,,,,,,,,,,,,,,,,,,,,,,,,,,,,,,,,,,,,,,,,,,,,,,,,,,,,,,,,,
http://id.lincsproject.ca/occupation/manualLabourer,day labourer,field labourer,labourer,manual worker,manual labourer,,,,,,,,,,,,,,,,,,,,,,,,,,,,,,,,,,,,,,,,,,,,,,,,,,,,,,,,,,,,,,,,,,
http://id.lincsproject.ca/occupation/manufacturer,jet ornament manufacturer,manufacturer of fancy goods,co operative manufacturer,cutler,lime manufacturer,manufacturer of machinery,smallware manufacturing,tobacco manufacturer,manufacturer,,,,,,,,,,,,,,,,,,,,,,,,,,,,,,,,,,,,,,,,,,,,,,,,,,,,,,,,,,,,,,
http://id.lincsproject.ca/occupation/mapping,cartographer,topographer,mapping,,,,,,,,,,,,,,,,,,,,,,,,,,,,,,,,,,,,,,,,,,,,,,,,,,,,,,,,,,,,,,,,,,,,
http://id.lincsproject.ca/occupation/martyr,martyr,,,,,,,,,,,,,,,,,,,,,,,,,,,,,,,,,,,,,,,,,,,,,,,,,,,,,,,,,,,,,,,,,,,,,,
http://id.lincsproject.ca/occupation/martialArts,duellist,karate,t'ai chi,martial arts,,,,,,,,,,,,,,,,,,,,,,,,,,,,,,,,,,,,,,,,,,,,,,,,,,,,,,,,,,,,,,,,,,,
http://id.lincsproject.ca/occupation/masterOfTheRevels,master of the revels in ireland,master of the revels,mistress of the revels,master or mistress of the revels,,,,,,,,,,,,,,,,,,,,,,,,,,,,,,,,,,,,,,,,,,,,,,,,,,,,,,,,,,,,,,,,,,,
http://id.lincsproject.ca/occupation/matron,house mother,housemother,school matron,workhouse matron,matron,,,,,,,,,,,,,,,,,,,,,,,,,,,,,,,,,,,,,,,,,,,,,,,,,,,,,,,,,,,,,,,,,,
http://id.lincsproject.ca/occupation/mentalHealthProfessional,asylum director,child psychologist,freudian,freudian psychoanalyst,mental health worker,psychiatist,psychoanalyst,psychologist,psychotherapist,pyschoanalyst,therapist,mental health professional,,,,,,,,,,,,,,,,,,,,,,,,,,,,,,,,,,,,,,,,,,,,,,,,,,,,,,,,,,,
http://id.lincsproject.ca/occupation/mentor,mentor,,,,,,,,,,,,,,,,,,,,,,,,,,,,,,,,,,,,,,,,,,,,,,,,,,,,,,,,,,,,,,,,,,,,,,
http://id.lincsproject.ca/occupation/mercer,mercer,,,,,,,,,,,,,,,,,,,,,,,,,,,,,,,,,,,,,,,,,,,,,,,,,,,,,,,,,,,,,,,,,,,,,,
http://id.lincsproject.ca/occupation/merchant,exported textiles to the west indies,merchant in liverpool,antique dealer,arms dealer,art dealer,book dealer,cattle dealer,china merchant,cloth merchant,coal merchant,corn dealer,corn merchant,cosmetics merchant,cotton merchant,dealer,dealer in stamps,hardware merchant,importer,international exporter,leather merchant,linen merchant,merchant adventurer,merchant in furs,merchant's apprentice,potato merchant,shipping agent,silk merchant,sugar merchant,timber merchant,tradesman,wine merchant,merchant,,,,,,,,,,,,,,,,,,,,,,,,,,,,,,,,,,,,,,,
http://id.lincsproject.ca/occupation/foodDistribution,food distributor,food supplier,provision merchant,provisioner,food distribution,,,,,,,,,,,,,,,,,,,,,,,,,,,,,,,,,,,,,,,,,,,,,,,,,,,,,,,,,,,,,,,,,,
http://id.lincsproject.ca/occupation/metalWork,brass worker,iron manufacturer,metal manufacturer,sheet metal worker,silver manufacturer,steel worker,metal work,,,,,,,,,,,,,,,,,,,,,,,,,,,,,,,,,,,,,,,,,,,,,,,,,,,,,,,,,,,,,,,,
http://id.lincsproject.ca/occupation/metallurgy,assayer,metallurgist,metallurgy,,,,,,,,,,,,,,,,,,,,,,,,,,,,,,,,,,,,,,,,,,,,,,,,,,,,,,,,,,,,,,,,,,,,
http://id.lincsproject.ca/occupation/meteorologist,meteorologist,,,,,,,,,,,,,,,,,,,,,,,,,,,,,,,,,,,,,,,,,,,,,,,,,,,,,,,,,,,,,,,,,,,,,,
http://id.lincsproject.ca/occupation/military,aide de camp,air raid defence provider,air raid shelter marshal,camouflage worker,captain (later admiral),commander of a highland regiment,half pay officer,Honorary Junior Commander with the Auxiliary Territorial Service,local organiser of the Women's Land Army,non commissioned officer,recruiting officer,second lieutenant,solider,territorial soldier,artillery gunner,artillery officer,captain of militia,colonel,deputy lieutenant,lieutenant,lieutenant general,major general,military communications,military driver,military escort,military leadership,military officer,militia captain,para military officer,quartermaster,soldier,war hero,military,,,,,,,,,,,,,,,,,,,,,,,,,,,,,,,,,,,,,,
http://id.lincsproject.ca/occupation/airman,flyer,airman,,,,,,,,,,,,,,,,,,,,,,,,,,,,,,,,,,,,,,,,,,,,,,,,,,,,,,,,,,,,,,,,,,,,,
http://id.lincsproject.ca/occupation/miller,miller,,,,,,,,,,,,,,,,,,,,,,,,,,,,,,,,,,,,,,,,,,,,,,,,,,,,,,,,,,,,,,,,,,,,,,
http://id.lincsproject.ca/occupation/milliner,hat-maker,milliner's apprentice,milliner's assistant,milliner,,,,,,,,,,,,,,,,,,,,,,,,,,,,,,,,,,,,,,,,,,,,,,,,,,,,,,,,,,,,,,,,,,,
http://id.lincsproject.ca/occupation/miner,coalminer,colliery manager,miner,,,,,,,,,,,,,,,,,,,,,,,,,,,,,,,,,,,,,,,,,,,,,,,,,,,,,,,,,,,,,,,,,,,,
http://id.lincsproject.ca/occupation/mining,mining entrepreneur,mine agent,mine work,mining,,,,,,,,,,,,,,,,,,,,,,,,,,,,,,,,,,,,,,,,,,,,,,,,,,,,,,,,,,,,,,,,,,,
http://id.lincsproject.ca/occupation/prospector,prospector,,,,,,,,,,,,,,,,,,,,,,,,,,,,,,,,,,,,,,,,,,,,,,,,,,,,,,,,,,,,,,,,,,,,,,
http://id.lincsproject.ca/occupation/miser,miser,,,,,,,,,,,,,,,,,,,,,,,,,,,,,,,,,,,,,,,,,,,,,,,,,,,,,,,,,,,,,,,,,,,,,,
http://id.lincsproject.ca/occupation/mistress,mistress,,,,,,,,,,,,,,,,,,,,,,,,,,,,,,,,,,,,,,,,,,,,,,,,,,,,,,,,,,,,,,,,,,,,,,
http://id.lincsproject.ca/occupation/model,artist's model,artists' model,fashion model,model,,,,,,,,,,,,,,,,,,,,,,,,,,,,,,,,,,,,,,,,,,,,,,,,,,,,,,,,,,,,,,,,,,,
http://id.lincsproject.ca/occupation/music,cathedral chorister,"musician, composer",page-turner,playing the piano,amateur pianist,celloist,choirmaster,choirmistress,church choirmaster,composer,concert pianist,cornet,jazz musician,musician,organist,pianist,piano tuner,violinist,music,,,,,,,,,,,,,,,,,,,,,,,,,,,,,,,,,,,,,,,,,,,,,,,,,,,,
http://id.lincsproject.ca/occupation/composer,composed,composer of church music,composer,,,,,,,,,,,,,,,,,,,,,,,,,,,,,,,,,,,,,,,,,,,,,,,,,,,,,,,,,,,,,,,,,,,,
http://id.lincsproject.ca/occupation/musicologist,musicologist,,,,,,,,,,,,,,,,,,,,,,,,,,,,,,,,,,,,,,,,,,,,,,,,,,,,,,,,,,,,,,,,,,,,,,
http://id.lincsproject.ca/occupation/naturalist,naturalist,,,,,,,,,,,,,,,,,,,,,,,,,,,,,,,,,,,,,,,,,,,,,,,,,,,,,,,,,,,,,,,,,,,,,,
http://id.lincsproject.ca/occupation/navy,assistant naval surgeon,commander in chief of the portuguese navy,united states navy,us naval commander,us navy,admiral,first lord of the admiralty,home guard officer,lieutenant royal marines,merchant navy captain,naval administrator,naval architect,naval captain,naval censor,naval chaplain,naval engineer,naval officer,naval official,naval surgeon,navy commissioner,navy officer,rear admiral,vice admiral,naval rating,,,,,,,,,,,,,,,,,,,,,,,,,,,,,,,,,,,,,,,,,,,,,,,
http://id.lincsproject.ca/occupation/needlework,embroiderer,knitting,needlewoman,needlework artist,quilt-maker,needlework,,,,,,,,,,,,,,,,,,,,,,,,,,,,,,,,,,,,,,,,,,,,,,,,,,,,,,,,,,,,,,,,,
http://id.lincsproject.ca/occupation/numismatist,numismatist,,,,,,,,,,,,,,,,,,,,,,,,,,,,,,,,,,,,,,,,,,,,,,,,,,,,,,,,,,,,,,,,,,,,,,
http://id.lincsproject.ca/occupation/nun,prioress,nun,,,,,,,,,,,,,,,,,,,,,,,,,,,,,,,,,,,,,,,,,,,,,,,,,,,,,,,,,,,,,,,,,,,,,
http://id.lincsproject.ca/occupation/occultist,mediumship,member of the council of the society for psychical research,vice president of the college of psychic studies,Tarot card believer,astrologer,character reader,fortune teller,magician,medium,spiritualist,occultist,occultist/theosophist,occultiste,,,,,,,,,,,,,,,,,,,,,,,,,,,,,,,,,,,,,,,,,,,,,,,,,,,,,,,,,,
http://id.lincsproject.ca/occupation/optician,ophthalmic optician,optician,,,,,,,,,,,,,,,,,,,,,,,,,,,,,,,,,,,,,,,,,,,,,,,,,,,,,,,,,,,,,,,,,,,,,
http://id.lincsproject.ca/occupation/orderly,hospital ward orderly,orderly,,,,,,,,,,,,,,,,,,,,,,,,,,,,,,,,,,,,,,,,,,,,,,,,,,,,,,,,,,,,,,,,,,,,,
http://id.lincsproject.ca/occupation/patriot,"irish patriot, nationalist,",patriot,,,,,,,,,,,,,,,,,,,,,,,,,,,,,,,,,,,,,,,,,,,,,,,,,,,,,,,,,,,,,,,,,,,,,
http://id.lincsproject.ca/occupation/pawnbroker,pawnbroker,,,,,,,,,,,,,,,,,,,,,,,,,,,,,,,,,,,,,,,,,,,,,,,,,,,,,,,,,,,,,,,,,,,,,,
http://id.lincsproject.ca/occupation/performer,acted,acting,actor,actors,actress,cabaret star,comedienne,entertainer,impersonator,mime,perform,stage performer,understudy,performer,,,,,,,,,,,,,,,,,,,,,,,,,,,,,,,,,,,,,,,,,,,,,,,,,,,,,,,,,
http://id.lincsproject.ca/occupation/publicSpeaker,renowned orator,orator,political speaker,public lecturer,public speaking,speaker,speaking tour,public speaker,,,,,,,,,,,,,,,,,,,,,,,,,,,,,,,,,,,,,,,,,,,,,,,,,,,,,,,,,,,,,,,
http://id.lincsproject.ca/occupation/politicalSpeaker,speaker of the senate of northern ireland,speaker (parliamentary),speaker of the house of commons,speaker of the house of lords,speaker of the legislature,political speaker,,,,,,,,,,,,,,,,,,,,,,,,,,,,,,,,,,,,,,,,,,,,,,,,,,,,,,,,,,,,,,,,,
http://id.lincsproject.ca/occupation/publicReader,gave readings,public reading,reader aloud,dramatic readings,performance reader,poetry reader,poetry reading,poetry readings,poetry recital,reader,reader in public,reader of poetry,recitalist,recitateur,reciter,public reader,,,,,,,,,,,,,,,,,,,,,,,,,,,,,,,,,,,,,,,,,,,,,,,,,,,,,,,
http://id.lincsproject.ca/occupation/pharmacist,"apothecary, druggist",apothecary,dispensary assistant,dispenser,druggist,pill dispenser,pharmacist,,,,,,,,,,,,,,,,,,,,,,,,,,,,,,,,,,,,,,,,,,,,,,,,,,,,,,,,,,,,,,,,
http://id.lincsproject.ca/occupation/philanthropicVisitor,visited the prisoners,visiting imprisoned catholics,visitor of the poor,workhouse superintendent,benevolent visitor,charitable visiting,charitable visitor,charity visitor,colonial health visitor,district visitor,domestic visitor,health visitor,hospital visitor,military visitor,parish visitor,poor visitor,prison visitor,school visitor,sick visitor,slum visitor,social visitor,visiting pensioners and war widows,visiting prisons and orphanages,visiting the poor,visiting zenana,visitor of the poor,workhouse visitor,philanthropic visitor,,,,,,,,,,,,,,,,,,,,,,,,,,,,,,,,,,,,,,,,,,,
http://id.lincsproject.ca/occupation/philanthropist,"patron, philanthropist",active philanthropist,benefactor,benefactor of school,church donor,donor to university,educational philanthropist,patron of charities,philanthopic activity,philanthropic educationalist,philanthropy,private benefactor,philanthropist,,,,,,,,,,,,,,,,,,,,,,,,,,,,,,,,,,,,,,,,,,,,,,,,,,,,,,,,,,
http://id.lincsproject.ca/occupation/patron,charity patron,literary patron,patron of actors,patron of literature,patron of science,patron of the arts,theatre patron,patron,,,,,,,,,,,,,,,,,,,,,,,,,,,,,,,,,,,,,,,,,,,,,,,,,,,,,,,,,,,,,,,
http://id.lincsproject.ca/occupation/volunteer,voluntary aid detachment,volunteer cook and waitress,volunteering for the newly formed babies club,civil defence volunteer,food kitchen volunteer,food volunteer,hospital volunteer,school volunteer,volunteer counsellor,volunteer office work,volunteer personnel work,volunteer soldier,war volunteer,war volunteers,volunteer,,,,,,,,,,,,,,,,,,,,,,,,,,,,,,,,,,,,,,,,,,,,,,,,,,,,,,,,
http://id.lincsproject.ca/occupation/philosopher,academic philosopher,amateur philosopher,philosophy,philosopher,,,,,,,,,,,,,,,,,,,,,,,,,,,,,,,,,,,,,,,,,,,,,,,,,,,,,,,,,,,,,,,,,,,
http://id.lincsproject.ca/occupation/photography,pioneeer photographer,photographer,photographer's assistant,photography,,,,,,,,,,,,,,,,,,,,,,,,,,,,,,,,,,,,,,,,,,,,,,,,,,,,,,,,,,,,,,,,,,,
http://id.lincsproject.ca/occupation/physiognomist,physiognomy parlour,phrenologist,physiognomist,,,,,,,,,,,,,,,,,,,,,,,,,,,,,,,,,,,,,,,,,,,,,,,,,,,,,,,,,,,,,,,,,,,,
http://id.lincsproject.ca/occupation/pilot,pilot,,,,,,,,,,,,,,,,,,,,,,,,,,,,,,,,,,,,,,,,,,,,,,,,,,,,,,,,,,,,,,,,,,,,,,
http://id.lincsproject.ca/occupation/poetLaureate,poet laureate,,,,,,,,,,,,,,,,,,,,,,,,,,,,,,,,,,,,,,,,,,,,,,,,,,,,,,,,,,,,,,,,,,,,,,
http://id.lincsproject.ca/occupation/politicalHost,official hostess at the government house,political host,political hostess,politicalHost,,,,,,,,,,,,,,,,,,,,,,,,,,,,,,,,,,,,,,,,,,,,,,,,,,,,,,,,,,,,,,,,,,,
http://id.lincsproject.ca/occupation/politicalScience,political scientist,political theorist,political science,,,,,,,,,,,,,,,,,,,,,,,,,,,,,,,,,,,,,,,,,,,,,,,,,,,,,,,,,,,,,,,,,,,,
http://id.lincsproject.ca/occupation/politics,advocate of catholic emancipation in the irish parliament,american loyalist,chief adviser on arab affairs,concerned citizen,conservative backer of empire,electioneering,politicians,president of the british women's temperance league,president of the progressive league,supporter of the ministry,closet politician,election observer,left wing politics,parliamentary candidate,patriot politician,policy advisor,political advisor,political agent,political campaigner,political canvasser,political conspirator,political officer,political organizer,political organizing,political party delegate,political party worker,political secretary,politician,public health campaigner,republican,whig leader,whig party supporter,politics,,,,,,,,,,,,,,,,,,,,,,,,,,,,,,,,,,,,,,
http://id.lincsproject.ca/occupation/advocate,continued to encourage women to enter politics through various efforts,advocate for the poor,animal rights advocate,anti poverty,campaigner against capital punishment,campaigner for child welfare,civil rights,emigration promoter,free speech advocate,maternity advocate,prisoners' advocate,promote temperance,promotion of women's work,sunday school promoter,advocate,,,,,,,,,,,,,,,,,,,,,,,,,,,,,,,,,,,,,,,,,,,,,,,,,,,,,,,,
http://id.lincsproject.ca/occupation/artsAdvocate,literature advocate,,,,,,,,,,,,,,,,,,,,,,,,,,,,,,,,,,,,,,,,,,,,,,,,,,,,,,,,,,,,,,,,,,,,,,
http://id.lincsproject.ca/occupation/communeOrganizer,commune organizer,,,,,,,,,,,,,,,,,,,,,,,,,,,,,,,,,,,,,,,,,,,,,,,,,,,,,,,,,,,,,,,,,,,,,,
http://id.lincsproject.ca/occupation/coopOrganizer,co op organizer,co-op organizer,,,,,,,,,,,,,,,,,,,,,,,,,,,,,,,,,,,,,,,,,,,,,,,,,,,,,,,,,,,,,,,,,,,,,
http://id.lincsproject.ca/occupation/lobbyist,international political lobbyist,political lobbyist,lobbyist,,,,,,,,,,,,,,,,,,,,,,,,,,,,,,,,,,,,,,,,,,,,,,,,,,,,,,,,,,,,,,,,,,,,
http://id.lincsproject.ca/occupation/mayor,lord mayor of london,mayor of cork,mayor of norwich,mayor of their home town,lady mayoress,lord mayor,mayor,,,,,,,,,,,,,,,,,,,,,,,,,,,,,,,,,,,,,,,,,,,,,,,,,,,,,,,,,,,,,,,,
http://id.lincsproject.ca/occupation/pacifist,worker for pacifism and the league of nations union,conscientious objector,pacifist,,,,,,,,,,,,,,,,,,,,,,,,,,,,,,,,,,,,,,,,,,,,,,,,,,,,,,,,,,,,,,,,,,,,
http://id.lincsproject.ca/occupation/propagandist,to spread pro british propaganda,war propagandist,propagandist,,,,,,,,,,,,,,,,,,,,,,,,,,,,,,,,,,,,,,,,,,,,,,,,,,,,,,,,,,,,,,,,,,,,
http://id.lincsproject.ca/occupation/settlementWork,settlement worker,settlement work,,,,,,,,,,,,,,,,,,,,,,,,,,,,,,,,,,,,,,,,,,,,,,,,,,,,,,,,,,,,,,,,,,,,,
http://id.lincsproject.ca/occupation/anti-Suffragist,anti-sufffragist,anti-suffragist,non-suffragist,anti-suffragist,opposition au suffrage universel,,,,,,,,,,,,,,,,,,,,,,,,,,,,,,,,,,,,,,,,,,,,,,,,,,,,,,,,,,,,,,,,,,
http://id.lincsproject.ca/occupation/communist,christian communist,communist,communist,communiste,,,,,,,,,,,,,,,,,,,,,,,,,,,,,,,,,,,,,,,,,,,,,,,,,,,,,,,,,,,,,,,,,,,
http://id.lincsproject.ca/occupation/conservative,conservative,,,,,,,,,,,,,,,,,,,,,,,,,,,,,,,,,,,,,,,,,,,,,,,,,,,,,,,,,,,,,,,,,,,,,,
http://id.lincsproject.ca/occupation/feminist,advocate for women's education,worked devotedly for the society for promoting the employment of women,worked to establish pay equity,Equality Feminist,feminist activism,New Woman,Women's Liberation,activist for women and children,advocate of female education,anti-sexist,contraceptionist,feminist reformer,gender egalitarian,lobby for the rights of women,maternal feminist,moderate feminist,non-separatist feminist,proto-feminist,proto-feminist consciousness,sexual egalitarian,women's rights activist,Féministe,feminist,,,,,,,,,,,,,,,,,,,,,,,,,,,,,,,,,,,,,,,,,,,,,,,,
http://id.lincsproject.ca/occupation/italianNationalist,italian risorgimento,mazzinian,Italian nationalist,nationaliste Italien,,,,,,,,,,,,,,,,,,,,,,,,,,,,,,,,,,,,,,,,,,,,,,,,,,,,,,,,,,,,,,,,,,,
http://id.lincsproject.ca/occupation/jacobite,jacobite conspirator,jacobites,Jacobite,Jacobite,,,,,,,,,,,,,,,,,,,,,,,,,,,,,,,,,,,,,,,,,,,,,,,,,,,,,,,,,,,,,,,,,,,
http://id.lincsproject.ca/occupation/monarchist,active royalists,loyalty to the Crown,royalist politician,constitutional monarchist,royalist,Monarchiste,monarchist,,,,,,,,,,,,,,,,,,,,,,,,,,,,,,,,,,,,,,,,,,,,,,,,,,,,,,,,,,,,,,,,
http://id.lincsproject.ca/occupation/radical,political radical,radical dissident,working class radical,radical,radical,,,,,,,,,,,,,,,,,,,,,,,,,,,,,,,,,,,,,,,,,,,,,,,,,,,,,,,,,,,,,,,,,,
http://id.lincsproject.ca/occupation/socialist,Fabian,Independent Socialist,Social Democrat,Social Democrats,fabian socialist,militant socialist,radical socialist,socialist and feminist,socialist feminist,socialist organizer,socialist,socialiste,,,,,,,,,,,,,,,,,,,,,,,,,,,,,,,,,,,,,,,,,,,,,,,,,,,,,,,,,,,
http://id.lincsproject.ca/occupation/temperanceWorker,temperance activist,temperance supporter,,,,,,,,,,,,,,,,,,,,,,,,,,,,,,,,,,,,,,,,,,,,,,,,,,,,,,,,,,,,,,,,,,,,,
http://id.lincsproject.ca/occupation/pollster,pollster,,,,,,,,,,,,,,,,,,,,,,,,,,,,,,,,,,,,,,,,,,,,,,,,,,,,,,,,,,,,,,,,,,,,,,
http://id.lincsproject.ca/occupation/pornographer,pornographer,,,,,,,,,,,,,,,,,,,,,,,,,,,,,,,,,,,,,,,,,,,,,,,,,,,,,,,,,,,,,,,,,,,,,,
http://id.lincsproject.ca/occupation/postalWorker,junior assistant to the postmistress,assistant postmistress,letter carrier,letter sorter,post office clerk,post office worker,postmaster,postmaster general,postmistress,postal worker,,,,,,,,,,,,,,,,,,,,,,,,,,,,,,,,,,,,,,,,,,,,,,,,,,,,,,,,,,,,,
http://id.lincsproject.ca/occupation/printing,in printing,printing and bookselling businesses,printer,printing press manager,printing,,,,,,,,,,,,,,,,,,,,,,,,,,,,,,,,,,,,,,,,,,,,,,,,,,,,,,,,,,,,,,,,,,
http://id.lincsproject.ca/occupation/prisoner,was imprisoned,political prisoner,prisoner of war,prisoner,,,,,,,,,,,,,,,,,,,,,,,,,,,,,,,,,,,,,,,,,,,,,,,,,,,,,,,,,,,,,,,,,,,
http://id.lincsproject.ca/occupation/producer,produced and appeared,producing,produced,producer,,,,,,,,,,,,,,,,,,,,,,,,,,,,,,,,,,,,,,,,,,,,,,,,,,,,,,,,,,,,,,,,,,,
http://id.lincsproject.ca/occupation/propertyAgent,managing the estates,estate agent,estate management,estate manager,land steward,plantation manager,property agent,rent collector,land agent,,,,,,,,,,,,,,,,,,,,,,,,,,,,,,,,,,,,,,,,,,,,,,,,,,,,,,,,,,,,,,
http://id.lincsproject.ca/occupation/propertyOwner,emergency landlady,landlady/proprietor,owned land of his own,student landlady,sugar estate owner,hereditary land owner,landlady,landlord,landowner,plantation owner,shipbuilding owner,shipyard owner,squire,property owner,,,,,,,,,,,,,,,,,,,,,,,,,,,,,,,,,,,,,,,,,,,,,,,,,,,,,,,,,
http://id.lincsproject.ca/occupation/publishing,director of time and tide,member of the editorial advisory committee,periodical owner,publisher and bookseller,publisherapos;s reader,assistant in publishing,journal assistant,magazine director,manuscript reader,publisher,publisher's reader,reader of manuscripts,publishing,,,,,,,,,,,,,,,,,,,,,,,,,,,,,,,,,,,,,,,,,,,,,,,,,,,,,,,,,,
http://id.lincsproject.ca/occupation/bookProduction,book production,,,,,,,,,,,,,,,,,,,,,,,,,,,,,,,,,,,,,,,,,,,,,,,,,,,,,,,,,,,,,,,,,,,,,,
http://id.lincsproject.ca/occupation/bookbinder,book binder,bookbinding,bookbinder,,,,,,,,,,,,,,,,,,,,,,,,,,,,,,,,,,,,,,,,,,,,,,,,,,,,,,,,,,,,,,,,,,,,
http://id.lincsproject.ca/occupation/typeSetter,typesetter,type setter,,,,,,,,,,,,,,,,,,,,,,,,,,,,,,,,,,,,,,,,,,,,,,,,,,,,,,,,,,,,,,,,,,,,,
http://id.lincsproject.ca/occupation/radioOperator,radio operator,,,,,,,,,,,,,,,,,,,,,,,,,,,,,,,,,,,,,,,,,,,,,,,,,,,,,,,,,,,,,,,,,,,,,,
http://id.lincsproject.ca/occupation/reading,poetry lover,reading,,,,,,,,,,,,,,,,,,,,,,,,,,,,,,,,,,,,,,,,,,,,,,,,,,,,,,,,,,,,,,,,,,,,,
http://id.lincsproject.ca/occupation/reformer,agricultural reformer,army reformer,divorce law reformer,educational reformer,health care reformer,housing reformer,land improver,language reformer,law reformer,liturgical reformer,medical reformer,penal reformer,political reformer,prison reformer,publishing reformer,religious reformer,sanitary reformer,sex reformer,social reformer,reformer,,,,,,,,,,,,,,,,,,,,,,,,,,,,,,,,,,,,,,,,,,,,,,,,,,,
http://id.lincsproject.ca/occupation/refugee,refugee,,,,,,,,,,,,,,,,,,,,,,,,,,,,,,,,,,,,,,,,,,,,,,,,,,,,,,,,,,,,,,,,,,,,,,
http://id.lincsproject.ca/occupation/religious,chancellor and prebendary of hereford cathedral,"lay leader, or parnas",preaching and religious organising activities,retreat leader,anchoress,church elder,church worker,evangelical leader,garrison chaplain,lay sister,member of religious order,methodist convert,methodist lay preacher,monk,permanent curate,pilgrim,prayer,prayer leader,precentor,principal clerk of session,religious administrator,religious leader,religious manager,religious observance,religious organizer,religious publicist,religious revivalist,royal chaplain,spiritual counsellor,religious,,,,,,,,,,,,,,,,,,,,,,,,,,,,,,,,,,,,,,,,,
http://id.lincsproject.ca/occupation/religiousOfficial,archbishop of armagh and primate of all ireland,chaplain of the lock hospital,dean of wells,english bishop of natal,minister (of religion),ministers,prebendary (a kind of canon or church official),rev.,trained for the priesthood,anglican bishop,anglican clergyman,anglican priest,archbishop,archbishop of canterbury,archdeacon,assistant minister of religion,bishop,canon,cardinal,chaplain,chief rabbi,clergyman,clergymen,clergyperson,curate,deacon,dissenting minister,episcopalian preacher,jesuit priest,minister,minister of religion,official (of religion),preacher,prebendary,presbyterian minister,priest,private almoner,quaker minister,rector,reverend,synagogue official,vicar,religiousOfficial,,,,,,,,,,,,,,,,,,,,,,,,,,,,
http://id.lincsproject.ca/occupation/missionaryWork,founded a church missionary society auxiliary,supporter of missionary activity,missionaries,missionary,missionary administrator,missionary supporter,missionary worker,missionary work,,,,,,,,,,,,,,,,,,,,,,,,,,,,,,,,,,,,,,,,,,,,,,,,,,,,,,,,,,,,,,,
http://id.lincsproject.ca/occupation/parishWork,management of her husband's parish,parish worker,parish work,,,,,,,,,,,,,,,,,,,,,,,,,,,,,,,,,,,,,,,,,,,,,,,,,,,,,,,,,,,,,,,,,,,,
http://id.lincsproject.ca/occupation/prophet,prophet,,,,,,,,,,,,,,,,,,,,,,,,,,,,,,,,,,,,,,,,,,,,,,,,,,,,,,,,,,,,,,,,,,,,,,
http://id.lincsproject.ca/occupation/saint,saint,,,,,,,,,,,,,,,,,,,,,,,,,,,,,,,,,,,,,,,,,,,,,,,,,,,,,,,,,,,,,,,,,,,,,,
http://id.lincsproject.ca/occupation/unitarianist,Unitarianist,unitarios,unitariste,unitariste,unitaristo,,,,,,,,,,,,,,,,,,,,,,,,,,,,,,,,,,,,,,,,,,,,,,,,,,,,,,,,,,,,,,,,,,
http://id.lincsproject.ca/occupation/religiousStudies,biblical scholar,hindu scholar,theologian,religious studies,,,,,,,,,,,,,,,,,,,,,,,,,,,,,,,,,,,,,,,,,,,,,,,,,,,,,,,,,,,,,,,,,,,
http://id.lincsproject.ca/occupation/rescueWork,mountain rescue leader,life saving,mountain rescue,rescue work,,,,,,,,,,,,,,,,,,,,,,,,,,,,,,,,,,,,,,,,,,,,,,,,,,,,,,,,,,,,,,,,,,,
http://id.lincsproject.ca/occupation/researcher,worked on a new area of social statistics,research,research assistant,scholarship,social researcher,researcher,,,,,,,,,,,,,,,,,,,,,,,,,,,,,,,,,,,,,,,,,,,,,,,,,,,,,,,,,,,,,,,,,
http://id.lincsproject.ca/occupation/retail,bookshop partner,manager of bookshop,print seller,tobacconist,worked with him at running a children's bookshop,bookseller,bookshop assistant,bookshop manager,bookshop worker,bookstore clerk,cashier,department store clerk,greengrocer,market seller,newsagent,retail selling,retail worker,shop assistant,shop manager,shop work,shopkeeper,shopkeeper/entrepeneur,storekeeper,working in a bookshop,retail,,,,,,,,,,,,,,,,,,,,,,,,,,,,,,,,,,,,,,,,,,,,,,
http://id.lincsproject.ca/occupation/sailor,competitive sailor,deckhand,ferryman,midshipman,purser,sailing,seaman,ship's carpenter,ship's officer,ship's purser,sailor,,,,,,,,,,,,,,,,,,,,,,,,,,,,,,,,,,,,,,,,,,,,,,,,,,,,,,,,,,,,
http://id.lincsproject.ca/occupation/salesperson,door to door salesman,fairground salesman,newspaper dealer,newspaper deliverer,sausage seller,costermonger,door to door salesperson,newsagent,paper salesman,pedlar,piano salesman,real estate agent,real estate salesman,sales director,sales manager,sales staff,salesgirl,salesman,saleswoman,stationer,street seller,ticket seller,wine seller,salesperson,,,,,,,,,,,,,,,,,,,,,,,,,,,,,,,,,,,,,,,,,,,,,,,
http://id.lincsproject.ca/occupation/salter,salt-worker,salter,,,,,,,,,,,,,,,,,,,,,,,,,,,,,,,,,,,,,,,,,,,,,,,,,,,,,,,,,,,,,,,,,,,,,
http://id.lincsproject.ca/occupation/scientist,"amateur scientist, botanist",astronomical assistant,lab assistant,scientific interests,"scientist, particularly well known for his work in genetics",amateur scientist,lab demonstrator,laboratory assistant,laboratory worker,natural scientist,scientific assistant,scientist,,,,,,,,,,,,,,,,,,,,,,,,,,,,,,,,,,,,,,,,,,,,,,,,,,,,,,,,,,,
http://id.lincsproject.ca/occupation/astronomer,amateur astronomer,assistant astronomer,astronomer,,,,,,,,,,,,,,,,,,,,,,,,,,,,,,,,,,,,,,,,,,,,,,,,,,,,,,,,,,,,,,,,,,,,
http://id.lincsproject.ca/occupation/chemist,chemist and immunologist,research chemist,industrial chemist,chemist,,,,,,,,,,,,,,,,,,,,,,,,,,,,,,,,,,,,,,,,,,,,,,,,,,,,,,,,,,,,,,,,,,,
http://id.lincsproject.ca/occupation/computerScientist,computer scientist,,,,,,,,,,,,,,,,,,,,,,,,,,,,,,,,,,,,,,,,,,,,,,,,,,,,,,,,,,,,,,,,,,,,,,
http://id.lincsproject.ca/occupation/geologist,geologist,,,,,,,,,,,,,,,,,,,,,,,,,,,,,,,,,,,,,,,,,,,,,,,,,,,,,,,,,,,,,,,,,,,,,,
http://id.lincsproject.ca/occupation/lifeScientist,anatomist,bacteriologist,physiologist,life scientist,,,,,,,,,,,,,,,,,,,,,,,,,,,,,,,,,,,,,,,,,,,,,,,,,,,,,,,,,,,,,,,,,,,
http://id.lincsproject.ca/occupation/biologist,conchologist,entomologist,biologist,,,,,,,,,,,,,,,,,,,,,,,,,,,,,,,,,,,,,,,,,,,,,,,,,,,,,,,,,,,,,,,,,,,,
http://id.lincsproject.ca/occupation/botanist,assistant botanist,botany,botany enthusiast,botanist,,,,,,,,,,,,,,,,,,,,,,,,,,,,,,,,,,,,,,,,,,,,,,,,,,,,,,,,,,,,,,,,,,,
http://id.lincsproject.ca/occupation/mathematics,amateur mathematician,mathematical interests,mathematician,mathematics,,,,,,,,,,,,,,,,,,,,,,,,,,,,,,,,,,,,,,,,,,,,,,,,,,,,,,,,,,,,,,,,,,,
http://id.lincsproject.ca/occupation/statistician,medical statistician,statistician,,,,,,,,,,,,,,,,,,,,,,,,,,,,,,,,,,,,,,,,,,,,,,,,,,,,,,,,,,,,,,,,,,,,,
http://id.lincsproject.ca/occupation/servant,servant,,,,,,,,,,,,,,,,,,,,,,,,,,,,,,,,,,,,,,,,,,,,,,,,,,,,,,,,,,,,,,,,,,,,,,
http://id.lincsproject.ca/occupation/domesticServant,house servant,housemaid,indentured servant,kitchen scullion,lady's maid,upper servant,valet,domestic servant,,,,,,,,,,,,,,,,,,,,,,,,,,,,,,,,,,,,,,,,,,,,,,,,,,,,,,,,,,,,,,,
http://id.lincsproject.ca/occupation/manservant,butler,chauffeur,doorman,footman,groom,page,manservant,,,,,,,,,,,,,,,,,,,,,,,,,,,,,,,,,,,,,,,,,,,,,,,,,,,,,,,,,,,,,,,,
http://id.lincsproject.ca/occupation/server,receptionist barmaid,barmaid,bartender,cafe manager,food server,summer waitress,waiter,waitress,server,,,,,,,,,,,,,,,,,,,,,,,,,,,,,,,,,,,,,,,,,,,,,,,,,,,,,,,,,,,,,,
http://id.lincsproject.ca/occupation/settler,huguenot immigrant,managing trading posts,colonial settler,emigrant,immigrant,pioneer,settler,,,,,,,,,,,,,,,,,,,,,,,,,,,,,,,,,,,,,,,,,,,,,,,,,,,,,,,,,,,,,,,,
http://id.lincsproject.ca/occupation/sexWorker,courtesan,prostitute,sex worker,,,,,,,,,,,,,,,,,,,,,,,,,,,,,,,,,,,,,,,,,,,,,,,,,,,,,,,,,,,,,,,,,,,,
http://id.lincsproject.ca/occupation/singer,amateur singer,concert singer,opera singer,singer,,,,,,,,,,,,,,,,,,,,,,,,,,,,,,,,,,,,,,,,,,,,,,,,,,,,,,,,,,,,,,,,,,,
http://id.lincsproject.ca/occupation/skilledTrade,moulder,skilled trade,,,,,,,,,,,,,,,,,,,,,,,,,,,,,,,,,,,,,,,,,,,,,,,,,,,,,,,,,,,,,,,,,,,,,
http://id.lincsproject.ca/occupation/baker,pastrycook,baker,,,,,,,,,,,,,,,,,,,,,,,,,,,,,,,,,,,,,,,,,,,,,,,,,,,,,,,,,,,,,,,,,,,,,
http://id.lincsproject.ca/occupation/blacksmith,blacksmith,,,,,,,,,,,,,,,,,,,,,,,,,,,,,,,,,,,,,,,,,,,,,,,,,,,,,,,,,,,,,,,,,,,,,,
http://id.lincsproject.ca/occupation/brewer,brewers,brewer,,,,,,,,,,,,,,,,,,,,,,,,,,,,,,,,,,,,,,,,,,,,,,,,,,,,,,,,,,,,,,,,,,,,,
http://id.lincsproject.ca/occupation/jeweller,jeweller,,,,,,,,,,,,,,,,,,,,,,,,,,,,,,,,,,,,,,,,,,,,,,,,,,,,,,,,,,,,,,,,,,,,,,
http://id.lincsproject.ca/occupation/goldsmith,goldsmith,,,,,,,,,,,,,,,,,,,,,,,,,,,,,,,,,,,,,,,,,,,,,,,,,,,,,,,,,,,,,,,,,,,,,,
http://id.lincsproject.ca/occupation/lithographer,lithographer,,,,,,,,,,,,,,,,,,,,,,,,,,,,,,,,,,,,,,,,,,,,,,,,,,,,,,,,,,,,,,,,,,,,,,
http://id.lincsproject.ca/occupation/mason,stonemason,mason,,,,,,,,,,,,,,,,,,,,,,,,,,,,,,,,,,,,,,,,,,,,,,,,,,,,,,,,,,,,,,,,,,,,,
http://id.lincsproject.ca/occupation/plumber,plumber,,,,,,,,,,,,,,,,,,,,,,,,,,,,,,,,,,,,,,,,,,,,,,,,,,,,,,,,,,,,,,,,,,,,,,
http://id.lincsproject.ca/occupation/pottery,pottery manufacturer,pottery,,,,,,,,,,,,,,,,,,,,,,,,,,,,,,,,,,,,,,,,,,,,,,,,,,,,,,,,,,,,,,,,,,,,,
http://id.lincsproject.ca/occupation/spinner,cotton spinner,spinning,spinner,,,,,,,,,,,,,,,,,,,,,,,,,,,,,,,,,,,,,,,,,,,,,,,,,,,,,,,,,,,,,,,,,,,,
http://id.lincsproject.ca/occupation/upholsterer,upholsterer,,,,,,,,,,,,,,,,,,,,,,,,,,,,,,,,,,,,,,,,,,,,,,,,,,,,,,,,,,,,,,,,,,,,,,
http://id.lincsproject.ca/occupation/watchmaker,watchmaker,,,,,,,,,,,,,,,,,,,,,,,,,,,,,,,,,,,,,,,,,,,,,,,,,,,,,,,,,,,,,,,,,,,,,,
http://id.lincsproject.ca/occupation/weaver,handloom weaver,power loom weaver,stocking weaver,weaver,,,,,,,,,,,,,,,,,,,,,,,,,,,,,,,,,,,,,,,,,,,,,,,,,,,,,,,,,,,,,,,,,,,
http://id.lincsproject.ca/occupation/slave,slave nurse,slave,,,,,,,,,,,,,,,,,,,,,,,,,,,,,,,,,,,,,,,,,,,,,,,,,,,,,,,,,,,,,,,,,,,,,
http://id.lincsproject.ca/occupation/slaveOwner,slave owner,,,,,,,,,,,,,,,,,,,,,,,,,,,,,,,,,,,,,,,,,,,,,,,,,,,,,,,,,,,,,,,,,,,,,,
http://id.lincsproject.ca/occupation/slaver,slave trader,slaver,,,,,,,,,,,,,,,,,,,,,,,,,,,,,,,,,,,,,,,,,,,,,,,,,,,,,,,,,,,,,,,,,,,,,
http://id.lincsproject.ca/occupation/smuggler,arms runner,gun runner,smuggler,,,,,,,,,,,,,,,,,,,,,,,,,,,,,,,,,,,,,,,,,,,,,,,,,,,,,,,,,,,,,,,,,,,,
http://id.lincsproject.ca/occupation/socialScientist,academic economist,anthropologist,economist,egyptologist,sociologist,social scientist,,,,,,,,,,,,,,,,,,,,,,,,,,,,,,,,,,,,,,,,,,,,,,,,,,,,,,,,,,,,,,,,,
http://id.lincsproject.ca/occupation/socialWork,almshouse manager,chief lady welfare officer,child's aid worker,organiser of women's community,poor districts,running a soup kitchen,caseworker,child care officer,child welfare officer,child welfare worker,childcare officer,children's aid worker,community worker,emigrant aid,humanitarian,immigrant aid,organise soup kitchens,organiser for the poor,religious social worker,social caseworker,social investigation,social investigator,social work organizer,social worker,unemployment worker,welfare officer,welfare supervisor,welfare worker,worker with prostitutes,youth club worker,youth worker,social work,,,,,,,,,,,,,,,,,,,,,,,,,,,,,,,,,,,,,,,
http://id.lincsproject.ca/occupation/orphanageWork,orphanage manager,orphanage principal,orphanage worker,orphanage work,,,,,,,,,,,,,,,,,,,,,,,,,,,,,,,,,,,,,,,,,,,,,,,,,,,,,,,,,,,,,,,,,,,
http://id.lincsproject.ca/occupation/refugeeWork,refugee worker,refugee work,,,,,,,,,,,,,,,,,,,,,,,,,,,,,,,,,,,,,,,,,,,,,,,,,,,,,,,,,,,,,,,,,,,,,
http://id.lincsproject.ca/occupation/reliefWork,co organizer of relief efforts,found the women's defence relief corps,founded a society for the relief of indigent old age,international relief worker,organized war relief,receive evacuees,war relief aid,famine relief,jewish relief work,relief worker,war relief,relief work,,,,,,,,,,,,,,,,,,,,,,,,,,,,,,,,,,,,,,,,,,,,,,,,,,,,,,,,,,,
http://id.lincsproject.ca/occupation/socializer,became a debutante,"bon viveur, drinker, and speculator",fashionable beauty,bon viveur,debutante,socialite,socializer,,,,,,,,,,,,,,,,,,,,,,,,,,,,,,,,,,,,,,,,,,,,,,,,,,,,,,,,,,,,,,,,
http://id.lincsproject.ca/occupation/sports,championship skier,athlete,boxer,curling,field hockey player,golf,oarsman,olympic athlete,physical training instructor,polo player,skier,sport,sportsman,yachtsman,yachtsperson,yachtswoman,sports,,,,,,,,,,,,,,,,,,,,,,,,,,,,,,,,,,,,,,,,,,,,,,,,,,,,,,
http://id.lincsproject.ca/occupation/coach,coach of the cambridge rowing crew,coach,,,,,,,,,,,,,,,,,,,,,,,,,,,,,,,,,,,,,,,,,,,,,,,,,,,,,,,,,,,,,,,,,,,,,
http://id.lincsproject.ca/occupation/cricket,cricket team captain,cricketer,cricket,,,,,,,,,,,,,,,,,,,,,,,,,,,,,,,,,,,,,,,,,,,,,,,,,,,,,,,,,,,,,,,,,,,,
http://id.lincsproject.ca/occupation/cyclist,bicycling,bicyclist,,,,,,,,,,,,,,,,,,,,,,,,,,,,,,,,,,,,,,,,,,,,,,,,,,,,,,,,,,,,,,,,,,,,,
http://id.lincsproject.ca/occupation/hunter,big game hunting,fox hunting,foxhunting,master of hounds,Master of Fox Hounds,fox hunter,foxhunter,hunting,rabbit shooting,hunter,,,,,,,,,,,,,,,,,,,,,,,,,,,,,,,,,,,,,,,,,,,,,,,,,,,,,,,,,,,,,
http://id.lincsproject.ca/occupation/mountaineering,climber or mountaineer,climbing,mountain climber,mountaineer,mountaineering,,,,,,,,,,,,,,,,,,,,,,,,,,,,,,,,,,,,,,,,,,,,,,,,,,,,,,,,,,,,,,,,,,
http://id.lincsproject.ca/occupation/riding,rode side saddle,riding,,,,,,,,,,,,,,,,,,,,,,,,,,,,,,,,,,,,,,,,,,,,,,,,,,,,,,,,,,,,,,,,,,,,,
http://id.lincsproject.ca/occupation/storyteller,raconteur,storyteller,,,,,,,,,,,,,,,,,,,,,,,,,,,,,,,,,,,,,,,,,,,,,,,,,,,,,,,,,,,,,,,,,,,,,
http://id.lincsproject.ca/occupation/student,studied at oxford,apprentice,architecture student,art student,engineering student,law student,marker,medical student,study law,studying,theology student,university student,student,,,,,,,,,,,,,,,,,,,,,,,,,,,,,,,,,,,,,,,,,,,,,,,,,,,,,,,,,,
http://id.lincsproject.ca/occupation/surveyor,deputy surveyor of royal parks and palaces,assistant road surveyor,assistant surveyor,building surveyor,land surveyor,quantity surveyor,railway surveyor,surveyor of highways,surveyor,,,,,,,,,,,,,,,,,,,,,,,,,,,,,,,,,,,,,,,,,,,,,,,,,,,,,,,,,,,,,,
http://id.lincsproject.ca/occupation/technician,technician,,,,,,,,,,,,,,,,,,,,,,,,,,,,,,,,,,,,,,,,,,,,,,,,,,,,,,,,,,,,,,,,,,,,,,
http://id.lincsproject.ca/occupation/telephoneOperator,telephone operator,,,,,,,,,,,,,,,,,,,,,,,,,,,,,,,,,,,,,,,,,,,,,,,,,,,,,,,,,,,,,,,,,,,,,,
http://id.lincsproject.ca/occupation/textiles,textile mill worker,textile worker,textiles,,,,,,,,,,,,,,,,,,,,,,,,,,,,,,,,,,,,,,,,,,,,,,,,,,,,,,,,,,,,,,,,,,,,
http://id.lincsproject.ca/occupation/theatreWork,founded a small theatre group,men of the theatre,student production of one of her plays,theatre literary manager,theatre trust president,workshopping plays,assistant theatre manager,cabaret dresser,costume designer,costumer,general factotum,play reader,prompter,property mistress,set designer,stage manager,theatre,theatre censor,theatre company director,theatre designer,theatre director,theatre dresser,theatre manager,theatre organiser,theatre president,theatre producer,theatrical agent,theatrical director,theatrical manager,usherette,wardrobe assistant,theatre work,,,,,,,,,,,,,,,,,,,,,,,,,,,,,,,,,,,,,,,
http://id.lincsproject.ca/occupation/actorManager,actor manager,,,,,,,,,,,,,,,,,,,,,,,,,,,,,,,,,,,,,,,,,,,,,,,,,,,,,,,,,,,,,,,,,,,,,,
http://id.lincsproject.ca/occupation/timberTrade,sawyer,timber manager,timber trade,,,,,,,,,,,,,,,,,,,,,,,,,,,,,,,,,,,,,,,,,,,,,,,,,,,,,,,,,,,,,,,,,,,,
http://id.lincsproject.ca/occupation/tinker,tinker,,,,,,,,,,,,,,,,,,,,,,,,,,,,,,,,,,,,,,,,,,,,,,,,,,,,,,,,,,,,,,,,,,,,,,
http://id.lincsproject.ca/occupation/tourGuide,youth hostel warden,mountain guide,tour guide,,,,,,,,,,,,,,,,,,,,,,,,,,,,,,,,,,,,,,,,,,,,,,,,,,,,,,,,,,,,,,,,,,,,
http://id.lincsproject.ca/occupation/trader,clothes trader,fur trader,wool trader,trader,,,,,,,,,,,,,,,,,,,,,,,,,,,,,,,,,,,,,,,,,,,,,,,,,,,,,,,,,,,,,,,,,,,
http://id.lincsproject.ca/occupation/transcriber,transcriber,,,,,,,,,,,,,,,,,,,,,,,,,,,,,,,,,,,,,,,,,,,,,,,,,,,,,,,,,,,,,,,,,,,,,,
http://id.lincsproject.ca/occupation/translator,free lance translations,interpreter,translator,,,,,,,,,,,,,,,,,,,,,,,,,,,,,,,,,,,,,,,,,,,,,,,,,,,,,,,,,,,,,,,,,,,,
http://id.lincsproject.ca/occupation/transportationWork,bus conductor,bus driver,bus inspector,bus worker,cab driver,driver,transportation,van driver,transportation work,,,,,,,,,,,,,,,,,,,,,,,,,,,,,,,,,,,,,,,,,,,,,,,,,,,,,,,,,,,,,,
http://id.lincsproject.ca/occupation/automobileIndustry,car industry,car part manufacturer,automobileIndustry,,,,,,,,,,,,,,,,,,,,,,,,,,,,,,,,,,,,,,,,,,,,,,,,,,,,,,,,,,,,,,,,,,,,
http://id.lincsproject.ca/occupation/railwayWork,worked for the nigerian railway,railway clerk,railway guard,railway promoter,railway worker,station master,stationmaster,railway work,,,,,,,,,,,,,,,,,,,,,,,,,,,,,,,,,,,,,,,,,,,,,,,,,,,,,,,,,,,,,,,
http://id.lincsproject.ca/occupation/shipping,ship owner,shipper,shipping merchant,shipping owner,shipping,,,,,,,,,,,,,,,,,,,,,,,,,,,,,,,,,,,,,,,,,,,,,,,,,,,,,,,,,,,,,,,,,,
http://id.lincsproject.ca/occupation/travelling,sightseeing,travel agent,travel guide,traveller,travelling,,,,,,,,,,,,,,,,,,,,,,,,,,,,,,,,,,,,,,,,,,,,,,,,,,,,,,,,,,,,,,,,,,
http://id.lincsproject.ca/occupation/treasurer,treasurer to the royal society,under treasurer for the navy,city treasurer,hospital department treasurer,society treasurer,treasurer,,,,,,,,,,,,,,,,,,,,,,,,,,,,,,,,,,,,,,,,,,,,,,,,,,,,,,,,,,,,,,,,,
http://id.lincsproject.ca/occupation/trustee,tate gallery trustee,trustee,,,,,,,,,,,,,,,,,,,,,,,,,,,,,,,,,,,,,,,,,,,,,,,,,,,,,,,,,,,,,,,,,,,,,
http://id.lincsproject.ca/occupation/unskilledLabourer,sweeping the floor,dishwasher,laundry worker,unskilled labourer,,,,,,,,,,,,,,,,,,,,,,,,,,,,,,,,,,,,,,,,,,,,,,,,,,,,,,,,,,,,,,,,,,,
http://id.lincsproject.ca/occupation/urbanPlanning,urban planning,,,,,,,,,,,,,,,,,,,,,,,,,,,,,,,,,,,,,,,,,,,,,,,,,,,,,,,,,,,,,,,,,,,,,,
http://id.lincsproject.ca/occupation/veterinaryWork,veterinary doctor,veterinary worker,veterinary work,,,,,,,,,,,,,,,,,,,,,,,,,,,,,,,,,,,,,,,,,,,,,,,,,,,,,,,,,,,,,,,,,,,,
http://id.lincsproject.ca/occupation/vintner,wine maker,vintner,,,,,,,,,,,,,,,,,,,,,,,,,,,,,,,,,,,,,,,,,,,,,,,,,,,,,,,,,,,,,,,,,,,,,
http://id.lincsproject.ca/occupation/visualArtist,"artist, painter",chinaware painter,"etcher, artist",feather artisan,illustrator and landscape painter,miniature portrait painter,painter in enamel,amateur artist,amateur painter,artist,colourist,commercial artist,craft artist,etcher,historical painter,illuminator,landscape painter,miniaturist,painter,portraitist,printmaker,sculptor,silhouettes,watercolourist,wax modeller,visual artist,,,,,,,,,,,,,,,,,,,,,,,,,,,,,,,,,,,,,,,,,,,,,
http://id.lincsproject.ca/occupation/walking,hiker,walking,,,,,,,,,,,,,,,,,,,,,,,,,,,,,,,,,,,,,,,,,,,,,,,,,,,,,,,,,,,,,,,,,,,,,
http://id.lincsproject.ca/occupation/warWork,chief of war staff,war duties,war effort,war efforts,war worker,war work,,,,,,,,,,,,,,,,,,,,,,,,,,,,,,,,,,,,,,,,,,,,,,,,,,,,,,,,,,,,,,,,,
http://id.lincsproject.ca/occupation/airRaidWarden,air raid warden,,,,,,,,,,,,,,,,,,,,,,,,,,,,,,,,,,,,,,,,,,,,,,,,,,,,,,,,,,,,,,,,,,,,,,
http://id.lincsproject.ca/occupation/munitionsWorker,munitions worker,,,,,,,,,,,,,,,,,,,,,,,,,,,,,,,,,,,,,,,,,,,,,,,,,,,,,,,,,,,,,,,,,,,,,,
http://id.lincsproject.ca/occupation/warehouseWork,warehousing,warehouse work,,,,,,,,,,,,,,,,,,,,,,,,,,,,,,,,,,,,,,,,,,,,,,,,,,,,,,,,,,,,,,,,,,,,,
http://id.lincsproject.ca/occupation/welder,welder,,,,,,,,,,,,,,,,,,,,,,,,,,,,,,,,,,,,,,,,,,,,,,,,,,,,,,,,,,,,,,,,,,,,,,
http://id.lincsproject.ca/occupation/whaler,whaler,,,,,,,,,,,,,,,,,,,,,,,,,,,,,,,,,,,,,,,,,,,,,,,,,,,,,,,,,,,,,,,,,,,,,,
http://id.lincsproject.ca/occupation/witness,character witness,expert witness,witness for the defence,witness,,,,,,,,,,,,,,,,,,,,,,,,,,,,,,,,,,,,,,,,,,,,,,,,,,,,,,,,,,,,,,,,,,,
http://id.lincsproject.ca/occupation/writer,amateur drama,art exhibition writer,automatic writing,diarist and memoirist,freelance advertising copywriter,letter writers,occasional contributors,part time novelist,philanthropic writer,populariser of poetry,published,published a sermon,published two books of sceptical humanist philosophy,quaker writer,vice president of the european writers' congress,writers,writing poetry,writing pulp fiction,writing small books for indian readers,wrote extensively on india,advertising copywriter,amateur playwright,amateur writer,author,biographer,blurb writer,chief copywriter,children's writer,commemorative writer,contributor,cookbook writer,copywriter,diarist,dramatist,educational writer,essayist,feature writer,legal writer,letter writer,literary career,literary collaborator,mathematical writer,media comedy writer,medical writer,memoirist,novelist,pedagogical author,playwright,poet,poetry,polemical writer,political poet,political writer,professional writer,public relations writer,radio scriptwriter,religious poet,religious writer,satirist,scholarly writer,screenwriter,script writer,scriptwriter,short story writer,songwriter,textbook writer,travel author,travel writer,writing,wrote,writer
http://id.lincsproject.ca/occupation/critic,assistant drama critic,art critic,drama critic,film critic,literary critic,music critic,television critic,theatre critic,critic,,,,,,,,,,,,,,,,,,,,,,,,,,,,,,,,,,,,,,,,,,,,,,,,,,,,,,,,,,,,,,
http://id.lincsproject.ca/occupation/reviewer,reviewed books,book reviewer,film reviewer,wrote reviews,reviewer,,,,,,,,,,,,,,,,,,,,,,,,,,,,,,,,,,,,,,,,,,,,,,,,,,,,,,,,,,,,,,,,,,
http://id.lincsproject.ca/occupation/writerInResidence,poet in residence,resident dramatist,writer in residence,writer In residence,,,,,,,,,,,,,,,,,,,,,,,,,,,,,,,,,,,,,,,,,,,,,,,,,,,,,,,,,,,,,,,,,,,
http://id.lincsproject.ca/occupation/writingGroupParticipant,writing group member,writing group president,writing group participant,,,,,,,,,,,,,,,,,,,,,,,,,,,,,,,,,,,,,,,,,,,,,,,,,,,,,,,,,,,,,,,,,,,,
http://id.lincsproject.ca/occupation/travelCompanion,travel companion,,,,,,,,,,,,,,,,,,,,,,,,,,,,,,,,,,,,,,,,,,,,,,,,,,,,,,,,,,,,,,,,,,,,,,
http://id.lincsproject.ca/occupation/colonialAdministrator,colonial administrator,,,,,,,,,,,,,,,,,,,,,,,,,,,,,,,,,,,,,,,,,,,,,,,,,,,,,,,,,,,,,,,,,,,,,,
http://id.lincsproject.ca/occupation/armyAdministrator,army administrator,,,,,,,,,,,,,,,,,,,,,,,,,,,,,,,,,,,,,,,,,,,,,,,,,,,,,,,,,,,,,,,,,,,,,,
http://id.lincsproject.ca/occupation/artist,artist,,,,,,,,,,,,,,,,,,,,,,,,,,,,,,,,,,,,,,,,,,,,,,,,,,,,,,,,,,,,,,,,,,,,,,
http://id.lincsproject.ca/occupation/playDirector,play director,,,,,,,,,,,,,,,,,,,,,,,,,,,,,,,,,,,,,,,,,,,,,,,,,,,,,,,,,,,,,,,,,,,,,,
http://id.lincsproject.ca/occupation/scriptReader,script reader,,,,,,,,,,,,,,,,,,,,,,,,,,,,,,,,,,,,,,,,,,,,,,,,,,,,,,,,,,,,,,,,,,,,,,
http://id.lincsproject.ca/occupation/sculptor,sculptor,,,,,,,,,,,,,,,,,,,,,,,,,,,,,,,,,,,,,,,,,,,,,,,,,,,,,,,,,,,,,,,,,,,,,,
http://id.lincsproject.ca/occupation/curate,curate,,,,,,,,,,,,,,,,,,,,,,,,,,,,,,,,,,,,,,,,,,,,,,,,,,,,,,,,,,,,,,,,,,,,,,
http://id.lincsproject.ca/occupation/priest,priest,,,,,,,,,,,,,,,,,,,,,,,,,,,,,,,,,,,,,,,,,,,,,,,,,,,,,,,,,,,,,,,,,,,,,,
http://id.lincsproject.ca/occupation/lecturer,lecturer,,,,,,,,,,,,,,,,,,,,,,,,,,,,,,,,,,,,,,,,,,,,,,,,,,,,,,,,,,,,,,,,,,,,,,
http://id.lincsproject.ca/occupation/cityPlanner,city planner,,,,,,,,,,,,,,,,,,,,,,,,,,,,,,,,,,,,,,,,,,,,,,,,,,,,,,,,,,,,,,,,,,,,,,
http://id.lincsproject.ca/occupation/actor,actor,,,,,,,,,,,,,,,,,,,,,,,,,,,,,,,,,,,,,,,,,,,,,,,,,,,,,,,,,,,,,,,,,,,,,,
http://id.lincsproject.ca/occupation/stageDesigner,stage designer,,,,,,,,,,,,,,,,,,,,,,,,,,,,,,,,,,,,,,,,,,,,,,,,,,,,,,,,,,,,,,,,,,,,,,
http://id.lincsproject.ca/occupation/stageManager,stage manager,,,,,,,,,,,,,,,,,,,,,,,,,,,,,,,,,,,,,,,,,,,,,,,,,,,,,,,,,,,,,,,,,,,,,,
http://id.lincsproject.ca/occupation/theatreDirector,theatre director,,,,,,,,,,,,,,,,,,,,,,,,,,,,,,,,,,,,,,,,,,,,,,,,,,,,,,,,,,,,,,,,,,,,,,
http://id.lincsproject.ca/occupation/theatreProducer,theatre producer,,,,,,,,,,,,,,,,,,,,,,,,,,,,,,,,,,,,,,,,,,,,,,,,,,,,,,,,,,,,,,,,,,,,,,
http://id.lincsproject.ca/occupation/theatreProprietor,theatre proprietor,,,,,,,,,,,,,,,,,,,,,,,,,,,,,,,,,,,,,,,,,,,,,,,,,,,,,,,,,,,,,,,,,,,,,,
http://id.lincsproject.ca/occupation/author,author,,,,,,,,,,,,,,,,,,,,,,,,,,,,,,,,,,,,,,,,,,,,,,,,,,,,,,,,,,,,,,,,,,,,,,
http://id.lincsproject.ca/occupation/dramatist,dramatist,,,,,,,,,,,,,,,,,,,,,,,,,,,,,,,,,,,,,,,,,,,,,,,,,,,,,,,,,,,,,,,,,,,,,,
http://id.lincsproject.ca/occupation/editor,editor,,,,,,,,,,,,,,,,,,,,,,,,,,,,,,,,,,,,,,,,,,,,,,,,,,,,,,,,,,,,,,,,,,,,,,
http://id.lincsproject.ca/occupation/museumAdministrator,museum administrator,,,,,,,,,,,,,,,,,,,,,,,,,,,,,,,,,,,,,,,,,,,,,,,,,,,,,,,,,,,,,,,,,,,,,,
http://id.lincsproject.ca/occupation/museumAssistant,museum assistant,,,,,,,,,,,,,,,,,,,,,,,,,,,,,,,,,,,,,,,,,,,,,,,,,,,,,,,,,,,,,,,,,,,,,,
http://id.lincsproject.ca/occupation/museumDirector,museum director,,,,,,,,,,,,,,,,,,,,,,,,,,,,,,,,,,,,,,,,,,,,,,,,,,,,,,,,,,,,,,,,,,,,,,
http://id.lincsproject.ca/occupation/sexologist,sexologist,,,,,,,,,,,,,,,,,,,,,,,,,,,,,,,,,,,,,,,,,,,,,,,,,,,,,,,,,,,,,,,,,,,,,,
http://id.lincsproject.ca/occupation/artAgent,art agent,,,,,,,,,,,,,,,,,,,,,,,,,,,,,,,,,,,,,,,,,,,,,,,,,,,,,,,,,,,,,,,,,,,,,,
http://id.lincsproject.ca/occupation/estateAgencyClerk,estate agency clerk,,,,,,,,,,,,,,,,,,,,,,,,,,,,,,,,,,,,,,,,,,,,,,,,,,,,,,,,,,,,,,,,,,,,,,
http://id.lincsproject.ca/occupation/bookDesigner,book designer,,,,,,,,,,,,,,,,,,,,,,,,,,,,,,,,,,,,,,,,,,,,,,,,,,,,,,,,,,,,,,,,,,,,,,
http://id.lincsproject.ca/occupation/bookseller,bookseller,,,,,,,,,,,,,,,,,,,,,,,,,,,,,,,,,,,,,,,,,,,,,,,,,,,,,,,,,,,,,,,,,,,,,,
http://id.lincsproject.ca/occupation/musicalInstrumentMaker,musical instrument maker,,,,,,,,,,,,,,,,,,,,,,,,,,,,,,,,,,,,,,,,,,,,,,,,,,,,,,,,,,,,,,,,,,,,,,
http://id.lincsproject.ca/occupation/surgicalInstrumentMaker,surgical instrument maker,,,,,,,,,,,,,,,,,,,,,,,,,,,,,,,,,,,,,,,,,,,,,,,,,,,,,,,,,,,,,,,,,,,,,,
http://id.lincsproject.ca/occupation/costumeDesigner,costume designer,,,,,,,,,,,,,,,,,,,,,,,,,,,,,,,,,,,,,,,,,,,,,,,,,,,,,,,,,,,,,,,,,,,,,,
http://id.lincsproject.ca/occupation/interiorDecorator,interior decorator,,,,,,,,,,,,,,,,,,,,,,,,,,,,,,,,,,,,,,,,,,,,,,,,,,,,,,,,,,,,,,,,,,,,,,
http://id.lincsproject.ca/occupation/shipbuilder,shipbuilder,,,,,,,,,,,,,,,,,,,,,,,,,,,,,,,,,,,,,,,,,,,,,,,,,,,,,,,,,,,,,,,,,,,,,,
http://id.lincsproject.ca/occupation/cattleRancher,cattle rancher,,,,,,,,,,,,,,,,,,,,,,,,,,,,,,,,,,,,,,,,,,,,,,,,,,,,,,,,,,,,,,,,,,,,,,
http://id.lincsproject.ca/occupation/architect,architect,,,,,,,,,,,,,,,,,,,,,,,,,,,,,,,,,,,,,,,,,,,,,,,,,,,,,,,,,,,,,,,,,,,,,,
http://id.lincsproject.ca/cwrc/wife,to further her husband's career,candidate's wife,clergyman's wife,colonial governor's wife,diplomat's wife,headmaster's wife,housemaster's wife,housewife,minister's wife,vicar's wife,wife