"Library of Congress subject heading identifier",,"Library of Congress subject heading label",Variant 1,Variant 2,Variant 3,Variant 4,Variant 5,Variant 6,Variant 7,Variant 8,Variant 9,Variant 10,Variant 11,Variant 12,Variant 13,Variant 14,Variant 15,Variant 16,Variant 17,Variant 18,Variant 19
http://id.loc.gov/authorities/subjects/sh85000411,accounting,Accounting,keeping accounts,,,,,,,,,,,,,,,,,,
http://id.loc.gov/authorities/subjects/sh85000691,acting,Acting,tableaux vivants,,,,,,,,,,,,,,,,,,
http://id.loc.gov/authorities/subjects/sh85001086,advertising,Advertising,commercial art,commercial skills,marketing,,,,,,,,,,,,,,,,
http://id.loc.gov/authorities/subjects/sh85001319,aeronautics,Aeronautics,,,,,,,,,,,,,,,,,,,
http://id.loc.gov/authorities/childrensSubjects/sj96004706,african american folklore,African Americans--Folklore,,,,,,,,,,,,,,,,,,,
http://id.loc.gov/authorities/subjects/sh85001729,african languages,African languages,,,,,,,,,,,,,,,,,,,
http://id.loc.gov/vocabulary/languages/afr,afrikaans,Afrikaans,,,,,,,,,,,,,,,,,,,
http://id.loc.gov/authorities/subjects/sh2002010219,agricultural management,Agricultural landscape management,,,,,,,,,,,,,,,,,,,
http://id.loc.gov/authorities/subjects/sh85002415,agriculture,Agriculture,crop production,highland farming,,,,,,,,,,,,,,,,,
http://id.loc.gov/authorities/subjects/sh85003425,algebra,Algebra,,,,,,,,,,,,,,,,,,,
http://id.loc.gov/authorities/subjects/sh99002311,alphabet,Alphabet,,,,,,,,,,,,,,,,,,,
http://id.loc.gov/authorities/subjects/sh85004126,amateur theatricals,Amateur theatre,,,,,,,,,,,,,,,,,,,
http://id.loc.gov/authorities/subjects/sh85004336,american literature,American literature,,,,,,,,,,,,,,,,,,,
http://id.loc.gov/authorities/subjects/sh85004835,anatomy,Anatomy,,,,,,,,,,,,,,,,,,,
http://id.loc.gov/authorities/subjects/sh85068106,anglo lrish literature,Irish literature,irish nineteenth century writers and gothic fiction,,,,,,,,,,,,,,,,,,
http://id.loc.gov/authorities/subjects/sh85005274,animal care,Animal welfare,,,,,,,,,,,,,,,,,,,
http://id.loc.gov/authorities/subjects/sh85005216,animal nutrition,Animal nutrition,,,,,,,,,,,,,,,,,,,
http://id.loc.gov/authorities/subjects/sh85005581,anthropology,Anthropology,anthopology,ethnology,,,,,,,,,,,,,,,,,
http://id.loc.gov/authorities/subjects/sh85005757,antiquarianism,Antiquities,,,,,,,,,,,,,,,,,,,
http://id.loc.gov/authorities/subjects/sh85006285,arab affairs,Arab countries--Politics and government,,,,,,,,,,,,,,,,,,,
http://id.loc.gov/authorities/childrensSubjects/sj96004806,arabic,Arabic language,syrian,,,,,,,,,,,,,,,,,,
http://id.loc.gov/vocabulary/languages/arc,aramaic,Aramaic; Aramäisch,,,,,,,,,,,,,,,,,,,
http://id.loc.gov/authorities/subjects/sh85006507,archaeology,Archaeology,,,,,,,,,,,,,,,,,,,
http://id.loc.gov/authorities/subjects/sh85006527,archery,Archery,,,,,,,,,,,,,,,,,,,
http://id.loc.gov/authorities/subjects/sh85006611,architecture,Architecture,,,,,,,,,,,,,,,,,,,
http://id.loc.gov/authorities/subjects/sh85007163,arithmetic,Arithmetic,,,,,,,,,,,,,,,,,,,
http://id.loc.gov/authorities/subjects/sh85007461,art,Art,graphic arts,mosaic art,perspective,plastic arts,print making,printing,significant form,china painting,appreciation of painting,,,,,,,,,,
http://id.loc.gov/authorities/subjects/sh85007488,art history,Art--History,history of art,egyptian art,greek art,italian art,italian artists,roman art,,,,,,,,,,,,,
http://id.loc.gov/authorities/subjects/sh85008324,arts,Arts,lyricism,,,,,,,,,,,,,,,,,,
http://id.loc.gov/authorities/subjects/sh85008893,astrology,Astrology,,,,,,,,,,,,,,,,,,,
http://id.loc.gov/authorities/subjects/sh85009003,astronomy,Astronomy,,,,,,,,,,,,,,,,,,,
http://id.loc.gov/authorities/subjects/sh85009153,athletics,Athletics,sport,sports,team sports,team games,tennis,boxing,football,basketball,field hockey,games,hockey,ice hockey,lacrosse,netball,rowing,rugby,skiing,mountain rescue,cricket
http://id.loc.gov/authorities/subjects/sh85011275,ballet,Ballet,,,,,,,,,,,,,,,,,,,
http://id.loc.gov/vocabulary/languages/bem,bemba,Bemba,,,,,,,,,,,,,,,,,,,
http://id.loc.gov/vocabulary/languages/ben,bengali,Bengali,,,,,,,,,,,,,,,,,,,
http://id.loc.gov/authorities/subjects/sh85013576,bible,Bible,bible study,the bible,,,,,,,,,,,,,,,,,
http://id.loc.gov/authorities/subjects/sh85013617,biblical criticism,"Bible--Criticism, interpretation, etc.",its commentators,,,,,,,,,,,,,,,,,,
http://id.loc.gov/authorities/subjects/sh85014152,biography,Biography,,,,,,,,,,,,,,,,,,,
http://id.loc.gov/authorities/subjects/sh85014203,biology,Biology,genetics,,,,,,,,,,,,,,,,,,
http://id.loc.gov/authorities/subjects/sh91005631,black history,African diaspora,,,,,,,,,,,,,,,,,,,
http://id.loc.gov/authorities/subjects/sh85015705,bookbinding,Bookbinding,,,,,,,,,,,,,,,,,,,
http://id.loc.gov/authorities/subjects/sh85015733,bookkeeping,Bookkeeping,keeping accounts,keeping of accounts,,,,,,,,,,,,,,,,,
http://id.loc.gov/authorities/subjects/sh85015976,botany,Botany,study plants,,,,,,,,,,,,,,,,,,
http://id.loc.gov/authorities/subjects/sh94008942,braille,Braille,,,,,,,,,,,,,,,,,,,
http://id.loc.gov/authorities/subjects/sh85016753,breton,Breton Language,,,,,,,,,,,,,,,,,,,
http://id.loc.gov/authorities/subjects/sh85016973,british literature,British literature,,,,,,,,,,,,,,,,,,,
http://id.loc.gov/vocabulary/languages/bul,bulgarian,Bulgarian; Bulgarisch,,,,,,,,,,,,,,,,,,,
http://id.loc.gov/authorities/subjects/sh85018260,business,Business,business studies,commerce,entrepeneurship,,,,,,,,,,,,,,,,
http://id.loc.gov/authorities/subjects/sh85018371,butter making,Butter,,,,,,,,,,,,,,,,,,,
http://id.loc.gov/authorities/subjects/sh85046328,exercise,Exercise,callisthenics,physical education,running,calisthenics,exercise,,,,,,,,,,,,,,
http://id.loc.gov/authorities/subjects/sh85018955,calligraphy,Calligraphy,,,,,,,,,,,,,,,,,,,
http://id.loc.gov/authorities/subjects/sh85019388,canadian literature,Canadian literature,,,,,,,,,,,,,,,,,,,
http://id.loc.gov/authorities/subjects/sh85096148,outdoor recreation,Outdoor Recreation,canoeing,camping,fishing,fly fishing,sailing,,,,,,,,,,,,,,
http://id.loc.gov/authorities/subjects/sh85010164,car mechanics,Automobile mechanics,,,,,,,,,,,,,,,,,,,
http://id.loc.gov/authorities/subjects/sh85020435,carpentry,Carpentry,,,,,,,,,,,,,,,,,,,
http://id.loc.gov/authorities/subjects/sh85039614,carriage driving,Driving of horse-drawn vehicles,,,,,,,,,,,,,,,,,,,
http://id.loc.gov/authorities/subjects/sh85020515,cartography,Cartography,,,,,,,,,,,,,,,,,,,
http://id.loc.gov/authorities/subjects/sh85020546,carving meat,"Carving (Meat, etc.)",,,,,,,,,,,,,,,,,,,
http://id.loc.gov/authorities/subjects/sh99001904,catechism,Catechisms,,,,,,,,,,,,,,,,,,,
http://id.loc.gov/authorities/subjects/sh85021043,catholicism,Catholic church,roman catholic religion,,,,,,,,,,,,,,,,,,
http://id.loc.gov/authorities/subjects/sh85143658,cello,Cello,,,,,,,,,,,,,,,,,,,
http://id.loc.gov/authorities/subjects/sh85022986,chemistry,Chemistry,chimistry,,,,,,,,,,,,,,,,,,
http://id.loc.gov/vocabulary/languages/chi,chinese,Chinese; Chinesisch,,,,,,,,,,,,,,,,,,,
http://id.loc.gov/authorities/subjects/sh85025219,christianity,Christianity,christian doctrine,different christian belief-systems,,,,,,,,,,,,,,,,,
http://id.loc.gov/authorities/subjects/sh85025619,church history,Church history,early history of the church,,,,,,,,,,,,,,,,,,
http://id.loc.gov/authorities/subjects/sh85088084,cinema,Motion pictures,,,,,,,,,,,,,,,,,,,
http://id.loc.gov/authorities/subjects/sh85026301,civics,Civics,,,,,,,,,,,,,,,,,,,
http://id.loc.gov/vocabulary/languages/grc,classical greek,"Greek, Ancient (to 1453); Griechisch",,,,,,,,,,,,,,,,,,,
http://id.loc.gov/authorities/subjects/sh85064872,classical indian culture,India--Civilization,,,,,,,,,,,,,,,,,,,
http://id.loc.gov/authorities/subjects/sh85026704,classical languages,Classical languages,,,,,,,,,,,,,,,,,,,
http://id.loc.gov/authorities/subjects/sh85026706,classical literature,Classical literature,,,,,,,,,,,,,,,,,,,
http://id.loc.gov/authorities/subjects/sh85026711,classical poetry,Classical poetry,,,,,,,,,,,,,,,,,,,
http://id.loc.gov/authorities/subjects/sh85026450,classical studies,"Civilization, Classical",classics,ancient languages,greek and roman history,ancient history,ancient civilization and culture,ancient and modern history,history of the ancient world,ancient celtic history,ancient,roman history,,,,,,,,,
http://id.loc.gov/authorities/subjects/sh85029027,communications,Communication,how to use a telegraph machine,,,,,,,,,,,,,,,,,,
http://id.loc.gov/authorities/subjects/sh85077534,comparative literature,Comparative literature,,,,,,,,,,,,,,,,,,,
http://id.loc.gov/authorities/subjects/sh89003285,computer science,Computer science,,,,,,,,,,,,,,,,,,,
http://id.loc.gov/authorities/subjects/sh85121304,conchology,Shells,,,,,,,,,,,,,,,,,,,
http://id.loc.gov/authorities/subjects/sh2010008400,cookery,Cooking,cooking,cooking desserts,,,,,,,,,,,,,,,,,
http://id.loc.gov/authorities/subjects/sh85033167,cosmography,Cosmography,,,,,,,,,,,,,,,,,,,
http://id.loc.gov/authorities/subjects/sh85033421,counselling,Counseling,,,,,,,,,,,,,,,,,,,
http://id.loc.gov/authorities/subjects/sh85058715,handcrafts,Handcrafts,creative handiwork,crafts,wood carving,,,,,,,,,,,,,,,,
http://id.loc.gov/vocabulary/languages/cze,czech,Czech; Tschechisch,,,,,,,,,,,,,,,,,,,
http://id.loc.gov/authorities/subjects/sh85035659,dance,Dance,danced,dancing,dancer,folkdancing,tap dancing,,,,,,,,,,,,,,
http://id.loc.gov/vocabulary/languages/dan,danish,Danish; Dänisch,,,,,,,,,,,,,,,,,,,
http://id.loc.gov/authorities/subjects/sh85035735,danish literature,Danish literature,,,,,,,,,,,,,,,,,,,
http://id.loc.gov/authorities/childrensSubjects/sj96005290,dante's divine comedy,"Dante Alighieri, 1265-1321. Divine comedy",,,,,,,,,,,,,,,,,,,
http://id.loc.gov/authorities/subjects/sh99005476,decoration,Decoration,,,,,,,,,,,,,,,,,,,
http://id.loc.gov/authorities/subjects/sh99005313,deportment,Conduct of life,,,,,,,,,,,,,,,,,,,
http://id.loc.gov/authorities/subjects/sh85037197,design,Design,development of design,mosaic design,,,,,,,,,,,,,,,,,
http://id.loc.gov/authorities/subjects/sh85037693,dictation,Dictation (Educational method),,,,,,,,,,,,,,,,,,,
http://id.loc.gov/authorities/subjects/sh85061673,domestic economy,Home economics,domestic science,domestic and household skills,,,,,,,,,,,,,,,,,
http://id.loc.gov/authorities/subjects/sh85039316,drama,Drama,dramatic literature,dramatic writing,elizabethan drama,greek drama,modern european drama,,,,,,,,,,,,,,
http://id.loc.gov/authorities/subjects/sh85039408,drawing,Drawing,draw,drawing and the study of perspective,drawing the nude,sketching,model drawing,figure composition,,,,,,,,,,,,,
http://id.loc.gov/authorities/subjects/sh85039517,dressmaking,Dressmaking,dress making,,,,,,,,,,,,,,,,,,
http://id.loc.gov/vocabulary/languages/dut,dutch,Dutch,flemish,,,,,,,,,,,,,,,,,,
http://id.loc.gov/authorities/subjects/sh85040850,economics,Economics,political economy,irish economy,fiscal issues,,,,,,,,,,,,,,,,
http://id.loc.gov/authorities/subjects/sh85041367,egyptology,Egyptology,ancient egyptian,,,,,,,,,,,,,,,,,,
http://id.loc.gov/authorities/subjects/sh85041666,electrical engineering,Electrical engineering,,,,,,,,,,,,,,,,,,,
http://id.loc.gov/authorities/subjects/sh85042633,elocution,Elocution,debating,conversational skill,public speaking,recitation,,,,,,,,,,,,,,,
http://id.loc.gov/authorities/subjects/sh85042701,embroidery,Embroidery,embroidery in silks,embossed embroidery,,,,,,,,,,,,,,,,,
http://id.loc.gov/authorities/subjects/sh85043176,engineering,Engineering,,,,,,,,,,,,,,,,,,,
http://id.loc.gov/authorities/subjects/sh96010368,english,English,english as a second language,english language,english prose and poetry,,,,,,,,,,,,,,,,
http://id.loc.gov/authorities/subjects/sh85043556,english grammar,English language--Grammar,,,,,,,,,,,,,,,,,,,
http://id.loc.gov/authorities/subjects/sh85043777,english literature,English literature,medieval english literature,elizabethan literature,victorian literature,,,,,,,,,,,,,,,,
http://id.loc.gov/authorities/subjects/sh85043932,english poetry,English poetry,english prose and poetry,,,,,,,,,,,,,,,,,,
http://id.loc.gov/authorities/subjects/sh85044125,entomology,Entomology,,,,,,,,,,,,,,,,,,,
http://id.loc.gov/vocabulary/languages/epo,esperanto,Esperanto,,,,,,,,,,,,,,,,,,,
http://id.loc.gov/authorities/subjects/sh85045096,ethics,Ethics,ethical philosophy,moral science,morality,moral philosophy,,,,,,,,,,,,,,,
http://id.loc.gov/authorities/childrensSubjects/sj96005427,etiquette,Etiquette,etiquette and decorum,accomplishments and social graces,civility,social graces,table laying,accomplishments,humility,feminine behaviour,,,,,,,,,,,
http://id.loc.gov/authorities/subjects/sh85045830,european literature,European literature,european literatures,,,,,,,,,,,,,,,,,,
http://id.loc.gov/authorities/subjects/sh00000672,eurythmics,Eurythmics,,,,,,,,,,,,,,,,,,,
http://id.loc.gov/authorities/subjects/sh85047781,fencing,Fencing,,,,,,,,,,,,,,,,,,,
http://id.loc.gov/authorities/subjects/sh99001562,fiction,Fiction,fiction of popular culture,novel,,,,,,,,,,,,,,,,,
http://id.loc.gov/authorities/subjects/sh85048581,first aid,First aid in illness and injury,,,,,,,,,,,,,,,,,,,
http://id.loc.gov/authorities/subjects/sh85074518,foreign languages,Language and languages,european languages,,,,,,,,,,,,,,,,,,
http://id.loc.gov/authorities/subjects/sh85148563,forms of worship,Worship,,,,,,,,,,,,,,,,,,,
http://id.loc.gov/vocabulary/languages/fre,french,French,french language,"french, both oral and written,",french conversation,"french,",french language and literature,elementary french,french linguistics,,,,,,,,,,,,
http://id.loc.gov/authorities/subjects/sh85051865,french literature,French literature,analysis of french literature,french language and literature,french culture,,,,,,,,,,,,,,,,
http://id.loc.gov/vocabulary/languages/gla,gaelic,Scottish Gaelic,gaelic language,,,,,,,,,,,,,,,,,,
http://id.loc.gov/authorities/subjects/sh99001961,games,Games,whist,charades,,,,,,,,,,,,,,,,,
http://id.loc.gov/authorities/subjects/sh85053089,gardening,Gardening,,,,,,,,,,,,,,,,,,,
http://id.loc.gov/authorities/subjects/sh85053986,geography,Geography,british geography,physiography,,,,,,,,,,,,,,,,,
http://id.loc.gov/authorities/subjects/sh85054037,geology,Geology,,,,,,,,,,,,,,,,,,,
http://id.loc.gov/authorities/subjects/sh85054133,geometry,Geometry,,,,,,,,,,,,,,,,,,,
http://id.loc.gov/authorities/subjects/sh85054365,german,German language,german language,,,,,,,,,,,,,,,,,,
http://id.loc.gov/authorities/subjects/sh85054380,german literature,German literature,,,,,,,,,,,,,,,,,,,
http://id.loc.gov/authorities/subjects/sh85055994,gothic novel,Gothic literature,gothic,,,,,,,,,,,,,,,,,,
http://id.loc.gov/authorities/subjects/sh85056259,grammar,Grammar,parsing,,,,,,,,,,,,,,,,,,
http://id.loc.gov/authorities/subjects/sh85056474,graphic arts,Graphic arts,engraving,etching,,,,,,,,,,,,,,,,,
http://id.loc.gov/authorities/subjects/sh85056495,graphology,Graphology,,,,,,,,,,,,,,,,,,,
http://id.loc.gov/authorities/subjects/sh85057151,greek,Greek language,greek language,modern greek,,,,,,,,,,,,,,,,,
http://id.loc.gov/authorities/subjects/sh85057171,greek literature,Greek literature,,,,,,,,,,,,,,,,,,,
http://id.loc.gov/authorities/subjects/sh85057187,greek poetry,Greek poetry,,,,,,,,,,,,,,,,,,,
http://id.loc.gov/authorities/subjects/sh85057144,greek tragedy,Greek drama (Tragedy),,,,,,,,,,,,,,,,,,,
http://id.loc.gov/authorities/subjects/sh85058059,gymnastics,Gymnastics,,,,,,,,,,,,,,,,,,,
http://id.loc.gov/authorities/subjects/sh85059867,hebrew,Hebrew language,,,,,,,,,,,,,,,,,,,
http://id.loc.gov/authorities/subjects/sh85060322,heraldry,Heraldry,,,,,,,,,,,,,,,,,,,
http://id.loc.gov/authorities/subjects/sh85060354,herbal medicine,Herbs--Therapeutic use,,,,,,,,,,,,,,,,,,,
http://id.loc.gov/authorities/subjects/sh85060464,herpetology,Herpetology,,,,,,,,,,,,,,,,,,,
http://id.loc.gov/vocabulary/languages/hin,hindi,Hindi,,,,,,,,,,,,,,,,,,,
http://id.loc.gov/authorities/subjects/sh85060919,hindu sacred texts,"Hindu literature, Sanskrit",ancient sanskrit narratives known as the puranas,,,,,,,,,,,,,,,,,,
http://id.loc.gov/authorities/subjects/sh85061212,history,History,historical,english history,european history,french history,history of france,british history,american history,italian culture and history,italian history,medieval history,middle eastern history,scottish history,,,,,,,
http://id.loc.gov/authorities/subjects/sh85062144,horsemanship,Horsemanship,horse management,horseback riding,grooming and schooling horses,riding,,,,,,,,,,,,,,,
http://id.loc.gov/authorities/subjects/sh85062289,hospital administration,Hospitals--Administration,,,,,,,,,,,,,,,,,,,
http://id.loc.gov/authorities/subjects/sh97003594,house-keeping,Housekeeping,household accomplishments,household management,household skills,house keeping,housework,laundry,,,,,,,,,,,,,
http://id.loc.gov/authorities/subjects/sh85062913,humanities,Humanities,,,,,,,,,,,,,,,,,,,
http://id.loc.gov/authorities/subjects/sh85063493,hydrostatics,Hydrostatics,,,,,,,,,,,,,,,,,,,
http://id.loc.gov/vocabulary/languages/ice,icelandic,Icelandic,,,,,,,,,,,,,,,,,,,
http://id.loc.gov/authorities/subjects/sh85064050,ichthyology,Icthyology,,,,,,,,,,,,,,,,,,,
http://id.loc.gov/authorities/subjects/sh85066752,instruction,Instruction,,,,,,,,,,,,,,,,,,,
http://id.loc.gov/authorities/subjects/sh85068101,irish,Irish language,irish language,irish gaelic,,,,,,,,,,,,,,,,,
http://id.loc.gov/authorities/subjects/sh85067971,irish civilization,Ireland Civilization,,,,,,,,,,,,,,,,,,,
http://id.loc.gov/authorities/subjects/sh85068032,irish constitution,Ireland--Politics and government,,,,,,,,,,,,,,,,,,,
http://id.loc.gov/authorities/subjects/sh85068390,islamic studies,Islam,,,,,,,,,,,,,,,,,,,
http://id.loc.gov/authorities/subjects/sh85068806,italian,Italian language,,,,,,,,,,,,,,,,,,,
http://id.loc.gov/authorities/subjects/sh85007718,italian art,Italian art,italian artists,,,,,,,,,,,,,,,,,,
http://id.loc.gov/authorities/subjects/sh85068816,italian literature,Italian literature,italian literatures,italian renaissance literature,,,,,,,,,,,,,,,,,
http://id.loc.gov/authorities/subjects/sh85070736,journalism,Journalism,news writing,,,,,,,,,,,,,,,,,,
http://id.loc.gov/vocabulary/languages/kan,kanarese,Kannada,kannada,,,,,,,,,,,,,,,,,,
http://id.loc.gov/authorities/subjects/sh85072707,knitting,Knitting,,,,,,,,,,,,,,,,,,,
http://id.loc.gov/authorities/subjects/sh2002006384,languages,Languages,language,,,,,,,,,,,,,,,,,,
http://id.loc.gov/authorities/subjects/sh85074944,latin,Latin language,"latin,",latin languages,,,,,,,,,,,,,,,,,
http://id.loc.gov/authorities/subjects/sh85075145,law,Law--Study and teaching,legal studies,law of property,estates,marriage settlements,matrimonial law,,,,,,,,,,,,,,
http://id.loc.gov/authorities/subjects/sh95001341,lesbian and gay historical fiction,Gay and lesbian studies,,,,,,,,,,,,,,,,,,,
http://id.loc.gov/authorities/subjects/sh85076220,letter-writing,Letter writing,letter writing,,,,,,,,,,,,,,,,,,
http://id.loc.gov/authorities/subjects/sh85076723,librarianship,Library science,,,,,,,,,,,,,,,,,,,
http://id.loc.gov/authorities/subjects/sh85077222,linguistics,Linguistics,prosody,,,,,,,,,,,,,,,,,,
http://id.loc.gov/authorities/subjects/sh85077319,lip reading,Lipreading,lipreading,,,,,,,,,,,,,,,,,,
http://id.loc.gov/authorities/subjects/sh85034149,literary criticism,Criticism,,,,,,,,,,,,,,,,,,,
http://id.loc.gov/authorities/subjects/sh85077507,literature,Literature,literatures,literate,ancient and modern literature,literary,literary self education,literary exercises,foreign literature,moral tales,renaissance allegory,restoration literature,romantic literature,contemporary literature,,,,,,,
http://id.loc.gov/authorities/subjects/sh85078106,logic,Logic,formal logic,,,,,,,,,,,,,,,,,,
http://id.loc.gov/vocabulary/languages/may,malay,Malay,,,,,,,,,,,,,,,,,,,
http://id.loc.gov/vocabulary/languages/men,mande,Mende,mende,malinke,bambara,kpelle,,,,,,,,,,,,,,,
http://id.loc.gov/vocabulary/languages/mao,maori,Maori,,,,,,,,,,,,,,,,,,,
http://id.loc.gov/authorities/subjects/sh85082139,mathematics,Mathematics,mathematicks,maths,elementary mathematics,trigonometry,statistics,,,,,,,,,,,,,,
http://id.loc.gov/authorities/subjects/sh85085001,mediæval studies,Middle ages,early middle ages,medieval period,,,,,,,,,,,,,,,,,
http://id.loc.gov/authorities/subjects/sh85083064,medicine,Medicine,medical skills,medical studies,health care,,,,,,,,,,,,,,,,
http://id.loc.gov/vocabulary/languages/fro,medieval french,"French, Old (ca. 842-1300)",medieval french literature,old french,,,,,,,,,,,,,,,,,
http://id.loc.gov/authorities/subjects/sh85077548,medieval literature,"Literature, Medieval",medieval french literature,,,,,,,,,,,,,,,,,,
http://id.loc.gov/authorities/subjects/sh85103721,medieval poetry,"Poetry, Medieval",,,,,,,,,,,,,,,,,,,
http://id.loc.gov/authorities/subjects/sh85084286,metaphysics,Metaphysics,,,,,,,,,,,,,,,,,,,
http://id.loc.gov/authorities/subjects/sh85084334,meteorology,Meteorology,metereology,,,,,,,,,,,,,,,,,,
http://id.loc.gov/authorities/subjects/sh85084783,microbiology,Microbiology,,,,,,,,,,,,,,,,,,,
http://id.loc.gov/vocabulary/languages/enm,middle english,"English, Middle (1100-1500)",,,,,,,,,,,,,,,,,,,
http://id.loc.gov/vocabulary/languages/gmh,middle german,"German, Middle High (ca. 1050-1500)",,,,,,,,,,,,,,,,,,,
http://id.loc.gov/authorities/subjects/sh96006072,midwifery,Midwifery,infant care,,,,,,,,,,,,,,,,,,
http://id.loc.gov/authorities/subjects/sh85085369,milking,Milking,,,,,,,,,,,,,,,,,,,
http://id.loc.gov/authorities/subjects/sh85085409,millinery,Millinery,,,,,,,,,,,,,,,,,,,
http://id.loc.gov/authorities/names/n78095532,milton,"Milton, John, 1608-1674",,,,,,,,,,,,,,,,,,,
http://id.loc.gov/authorities/subjects/sh85085589,mineralogy,Mineralogy,,,,,,,,,,,,,,,,,,,
http://id.loc.gov/authorities/subjects/sh85061236,modern history,"History, Modern",,,,,,,,,,,,,,,,,,,
http://id.loc.gov/authorities/subjects/sh85074583,modern languages,"Languages, Modern",,,,,,,,,,,,,,,,,,,
http://id.loc.gov/authorities/subjects/sh85077552,modern literature,"Literature, Modern",,,,,,,,,,,,,,,,,,,
http://id.loc.gov/authorities/subjects/sh85117343,modern sanskrit poetry,Sanskrit Poetry,,,,,,,,,,,,,,,,,,,
http://id.loc.gov/vocabulary/languages/mon,mongolian,Mongolian,,,,,,,,,,,,,,,,,,,
http://id.loc.gov/authorities/subjects/sh85087369,morse code,Morse code,,,,,,,,,,,,,,,,,,,
http://id.loc.gov/authorities/subjects/sh85088762,music,Music,music composition,musical composition,music theory,balladry,,,,,,,,,,,,,,,
http://id.loc.gov/authorities/subjects/sh85088961,musical instruments,Musical instruments,french horn,lute,mandolin,guitar,harp,harp playing,harpsichord,viola,playing music,playing the lute and theorbo,playing the violin,playing the virginals,"spinet, viol, virginal, and harp, lute",play various instruments,,,,,
http://id.loc.gov/authorities/subjects/sh85089371,mythology,Mythology,classical mythology,classical myth,greek mythology,myth,myths,,,,,,,,,,,,,,
http://id.loc.gov/authorities/subjects/sh85090222,natural history,Natural history,,,,,,,,,,,,,,,,,,,
http://id.loc.gov/authorities/subjects/sh8511855,natural sciences,Science,natural science,,,,,,,,,,,,,,,,,,
http://id.loc.gov/authorities/subjects/sh85090277,nature,Nature,nature study,,,,,,,,,,,,,,,,,,
http://id.loc.gov/authorities/subjects/sh85090425,navigation,Navigation,,,,,,,,,,,,,,,,,,,
http://id.loc.gov/authorities/subjects/sh85090601,needlework,Needlework,needle-work,needle work,needlework lessons,needlepoint,,,,,,,,,,,,,,,
http://id.loc.gov/vocabulary/languages/nor,norwegian,Norwegian,,,,,,,,,,,,,,,,,,,
http://id.loc.gov/authorities/subjects/sh85093362,nursing,Nursing,nurse training,,,,,,,,,,,,,,,,,,
http://id.loc.gov/vocabulary/languages/ang,old english,"English, Old (ca. 450-1100)",old and middle english,anglo saxon,anglo-saxon,,,,,,,,,,,,,,,,
http://id.loc.gov/authorities/subjects/sh85095071,opthalmology,Ophthalmology,ophthalmology,,,,,,,,,,,,,,,,,,
http://id.loc.gov/authorities/subjects/sh85095181,optics,Optics,,,,,,,,,,,,,,,,,,,
http://id.loc.gov/authorities/subjects/sh85095238,oral histories,Oral history,,,,,,,,,,,,,,,,,,,
http://id.loc.gov/authorities/subjects/sh85095799,orthopedics,Orthopedics,orthopaedics,,,,,,,,,,,,,,,,,,
http://id.loc.gov/authorities/subjects/sh85096661,painting,Painting,painter,paint,oil painting,decorative painting,landscape painting,figure painting,miniature painting,flower painting,decorative painting,,,,,,,,,,
http://id.loc.gov/authorities/subjects/sh85097064,paleography,Paleography,palaeography,hieroglyphs,hieroglyphics,,,,,,,,,,,,,,,,
http://id.loc.gov/authorities/subjects/sh85097123,paleontology,Paleontology,,,,,,,,,,,,,,,,,,,
http://id.loc.gov/authorities/subjects/sh85097242,palmistry,Palmistry,,,,,,,,,,,,,,,,,,,
http://id.loc.gov/authorities/subjects/sh85098615,pastry making,Pastry,pastry,,,,,,,,,,,,,,,,,,
http://id.loc.gov/authorities/subjects/sh85098685,pathology,Pathology,,,,,,,,,,,,,,,,,,,
http://id.loc.gov/authorities/subjects/sh85099491,penmanship,Penmanship,hand writing,handwriting,,,,,,,,,,,,,,,,,
http://id.loc.gov/vocabulary/languages/per,persian,Persian,,,,,,,,,,,,,,,,,,,
http://id.loc.gov/authorities/subjects/sh85100084,persian poetry,Persian poetry,,,,,,,,,,,,,,,,,,,
http://id.loc.gov/authorities/subjects/sh85100599,pharmacology,Pharmacology,pharmaceuticals,pharmacy,,,,,,,,,,,,,,,,,
http://id.loc.gov/authorities/subjects/sh85100821,philology,Philology,,,,,,,,,,,,,,,,,,,
http://id.loc.gov/authorities/subjects/sh99005065,philosophy,Philosophy,philosophical,philosophers,"philosophy,",philsophy,plato,epistemology,humanism,structuralism,surrealism,utilitarian principles,german philosophy,,,,,,,,
http://id.loc.gov/authorities/subjects/sh85101206,photography,Photography,photographic studies,,,,,,,,,,,,,,,,,,
http://id.loc.gov/authorities/subjects/sh85101653,physics,Physics,natural philosophy,natural philosophy or science,,,,,,,,,,,,,,,,,
http://id.loc.gov/authorities/subjects/sh85101679,physiology,Physiology,,,,,,,,,,,,,,,,,,,
http://id.loc.gov/authorities/subjects/sh85101568,physiotherapy,Physical therapy,physical therapy,,,,,,,,,,,,,,,,,,
http://id.loc.gov/authorities/subjects/sh85101722,piano,Piano,piano lessons,piano playing,pianoforte,,,,,,,,,,,,,,,,
http://id.loc.gov/authorities/childrensSubjects/sj96006296,plays,Plays,,,,,,,,,,,,,,,,,,,
http://id.loc.gov/authorities/subjects/sh85103704,poetry,Poetry,poetic canon,poetic conventions,poets,poetical reading,poetics,poetry of sappho,,,,,,,,,,,,,
http://id.loc.gov/authorities/subjects/sh2002011436,political science,Politics and government,international relations,political studies,political theory,politics,current affairs,"politics,",government,political philosophy,republicanism,,,,,,,,,,
http://id.loc.gov/authorities/subjects/sh85105344,portuguese,Portuguese,,,,,,,,,,,,,,,,,,,
http://id.loc.gov/authorities/subjects/sh85108411,psychoanalysis,Psychoanalysis,,,,,,,,,,,,,,,,,,,
http://id.loc.gov/authorities/subjects/sh85108459,psychology,Psychology,alfred adler's individual psychology,educational child psychology,mental philosophy,psychopathology,,,,,,,,,,,,,,,
http://id.loc.gov/authorities/subjects/sh85108638,public health,Public health,hygiene,,,,,,,,,,,,,,,,,,
http://id.loc.gov/authorities/subjects/sh85111662,reading,Reading,read,,,,,,,,,,,,,,,,,,
http://id.loc.gov/authorities/subjects/sh85112599,religion,Religions,religious,religious doctrine,comparative religion,religious development,religious knowledge,religious studies,religious study,religious education,religious instruction,study her congregational religion,,,,,,,,,
http://id.loc.gov/authorities/subjects/sh95003058,religious books,Classification--Books--Religion,religious texts,religious polemical literature,religious writing,scripture,,,,,,,,,,,,,,,
http://id.loc.gov/authorities/subjects/sh85113628,rhetoric,Rhetoric,,,,,,,,,,,,,,,,,,,
http://id.loc.gov/authorities/subjects/sh85074966,roman literature,Latin literature,,,,,,,,,,,,,,,,,,,
http://id.loc.gov/vocabulary/languages/rus,russian,Russian; Russisch,,,,,,,,,,,,,,,,,,,
http://id.loc.gov/authorities/subjects/sh85088104,russian film making,Motion pictures--Production and direction,,,,,,,,,,,,,,,,,,,
http://id.loc.gov/authorities/subjects/sh85115986,russian literature,Russian literature,,,,,,,,,,,,,,,,,,,
http://id.loc.gov/vocabulary/languages/san,sanskrit,Sanskrit,,,,,,,,,,,,,,,,,,,
http://id.loc.gov/authorities/subjects/sh85118553,science,Science,sciences,,,,,,,,,,,,,,,,,,
http://id.loc.gov/vocabulary/languages/sco,scots language,Scots,scots,,,,,,,,,,,,,,,,,,
http://id.loc.gov/authorities/subjects/sh85119004,sculpture,Sculpture,sculpting,modelling,,,,,,,,,,,,,,,,,
http://id.loc.gov/authorities/subjects/sh85094192,secretarial course,Office practice,secretarial skills,,,,,,,,,,,,,,,,,,
http://id.loc.gov/authorities/subjects/sh85120542,sewing,Sewing,sew,,,,,,,,,,,,,,,,,,
http://id.loc.gov/authorities/subjects/sh85120549,sex education,Sex,sexually transmitted diseases,,,,,,,,,,,,,,,,,,
http://id.loc.gov/authorities/subjects/sh85120938,shakespearian productions,"Shakespeare, William, 1564-1616--Dramatic production",,,,,,,,,,,,,,,,,,,
http://id.loc.gov/authorities/subjects/sh85121762,shooting,Shooting,handling a gun,,,,,,,,,,,,,,,,,,
http://id.loc.gov/authorities/subjects/sh85121977,shorthand,Shorthand,shorthand typing,shorthand/typing,,,,,,,,,,,,,,,,,
http://id.loc.gov/vocabulary/languages/sgn,signing,Sign languages,,,,,,,,,,,,,,,,,,,
http://id.loc.gov/authorities/subjects/sh85122827,singing,Singing,singer,sing,sang,,,,,,,,,,,,,,,,
http://id.loc.gov/authorities/subjects/sh85124003,social science,Social sciences,social sciences,applied social studies,,,,,,,,,,,,,,,,,
http://id.loc.gov/authorities/subjects/sh85124049,social work,Social service,,,,,,,,,,,,,,,,,,,
http://id.loc.gov/authorities/subjects/sh85124200,sociology,Sociology,,,,,,,,,,,,,,,,,,,
http://id.loc.gov/vocabulary/languages/spa,spanish,Spanish,,,,,,,,,,,,,,,,,,,
http://id.loc.gov/authorities/subjects/sh85126268,spanish literature,Spanish literature,,,,,,,,,,,,,,,,,,,
http://id.loc.gov/authorities/subjects/sh99005058,spelling,Orthography and Spelling,,,,,,,,,,,,,,,,,,,
http://id.loc.gov/authorities/subjects/sh85126779,spiritual learning,Spirituality,meditation,,,,,,,,,,,,,,,,,,
http://id.loc.gov/authorities/subjects/sh85130766,surgery,Surgery,,,,,,,,,,,,,,,,,,,
http://id.loc.gov/vocabulary/languages/swa,swahili,Swahili,,,,,,,,,,,,,,,,,,,
http://id.loc.gov/authorities/subjects/sh85091348,swedenborgianism,New Jerusalem Church,,,,,,,,,,,,,,,,,,,
http://id.loc.gov/vocabulary/languages/swe,swedish,Swedish,,,,,,,,,,,,,,,,,,,
http://id.loc.gov/authorities/subjects/sh85131207,swimming,Swimming,diving,,,,,,,,,,,,,,,,,,
http://id.loc.gov/vocabulary/languages/tah,tahitian,Tahitian,,,,,,,,,,,,,,,,,,,
http://id.loc.gov/vocabulary/languages/tam,tamil,Tamil,,,,,,,,,,,,,,,,,,,
http://id.loc.gov/authorities/subjects/sh85133052,teaching,Teaching,pedagogy,as a teacher,primary education,education,,,,,,,,,,,,,,,
http://id.loc.gov/authorities/subjects/sh85133147,technology,Technology,,,,,,,,,,,,,,,,,,,
http://id.loc.gov/authorities/childrensSubjects/sj00008212,theatre,Theatre,theatre arts,theatrical entertainments,stage craft,,,,,,,,,,,,,,,,
http://id.loc.gov/authorities/subjects/sh85134665,theology,Theology,theological learning,theological,divinity or theology,study the law of god,presbyterian theology,anglican theology,mysticism,controversial theology,,,,,,,,,,,
http://id.loc.gov/authorities/subjects/sh85136958,translating,Translating and interpreting,,,,,,,,,,,,,,,,,,,
http://id.loc.gov/vocabulary/languages/rum,romanian,Romanian,"transylvanian,",,,,,,,,,,,,,,,,,,
http://id.loc.gov/authorities/subjects/sh85137149,travel,Travel,,,,,,,,,,,,,,,,,,,
http://id.loc.gov/vocabulary/languages/tur,turkish,Turkish,,,,,,,,,,,,,,,,,,,
http://id.loc.gov/authorities/subjects/sh85139135,typing,Typewriting,typewriting,,,,,,,,,,,,,,,,,,
http://id.loc.gov/authorities/subjects/sh85062855,understood an humane carcase,Human dissection,,,,,,,,,,,,,,,,,,,
http://id.loc.gov/vocabulary/languages/urd,urdu,Urdu,,,,,,,,,,,,,,,,,,,
http://id.loc.gov/authorities/subjects/sh85142520,vegetarianism,Vegetarianism,,,,,,,,,,,,,,,,,,,
http://id.loc.gov/authorities/subjects/sh85143544,violin,Violin,,,,,,,,,,,,,,,,,,,
http://id.loc.gov/authorities/subjects/sh85144229,voice training,Voice culture,,,,,,,,,,,,,,,,,,,
http://id.loc.gov/authorities/subjects/sh85145673,water colour,Watercolor painting,watercolour painting,water colour sketching,,,,,,,,,,,,,,,,,
http://id.loc.gov/authorities/subjects/sh85145868,weaver,Weaving,weaving,,,,,,,,,,,,,,,,,,
http://id.loc.gov/vocabulary/languages/wel,welsh,Welsh,,,,,,,,,,,,,,,,,,,
http://id.loc.gov/vocabulary/languages/wol,wolof,Wolof,,,,,,,,,,,,,,,,,,,
http://id.loc.gov/authorities/subjects/sh85077531,women's writing,Literature--Women authors,early women's fiction,,,,,,,,,,,,,,,,,,
http://id.loc.gov/authorities/subjects/sh85148201,world history,World history,international history,,,,,,,,,,,,,,,,,,
http://id.loc.gov/authorities/subjects/sh85148637,writing,Writing,writes,write,penmanship,writing a good hand,composition,creative writing,,,,,,,,,,,,,
http://id.loc.gov/authorities/subjects/sh85125129,yiddish songs,"Songs, Yiddish",,,,,,,,,,,,,,,,,,,
http://id.loc.gov/authorities/subjects/sh85149983,zoology,zoology,,,,,,,,,,,,,,,,,,,
http://id.loc.gov/vocabulary/languages/zul,zulu,Zulu,,,,,,,,,,,,,,,,,,,